track_id,artist_id,track_name,artist_name,duration_ms,popularity
2GujK1FWxxOZ118PaWNgbZ,6s22t5Y3prQHyaHWUN1R1C,World's Smallest Violin,AJR,180742,64
4SQLQfcR0vhyIN4uPBlc0d,6s22t5Y3prQHyaHWUN1R1C,Bang!,AJR,170858,67
2QKLrgXNQtK2c8QbLRO3XC,6s22t5Y3prQHyaHWUN1R1C,Burn The House Down,AJR,212373,67
2sVcBaVtBPM9vIFk1Jnbw8,6s22t5Y3prQHyaHWUN1R1C,Weak,AJR,201159,63
3LDNcikQd7Zui9gJCISTtR,6s22t5Y3prQHyaHWUN1R1C,Yes I'm A Mess,AJR,164973,65
4rnyUV17cSZGsz18xJNdjL,6s22t5Y3prQHyaHWUN1R1C,100 Bad Days,AJR,212783,62
1UDhFEt0NlOFKwWRQJTgHe,6s22t5Y3prQHyaHWUN1R1C,Way Less Sad,AJR,206108,62
7Gk8IPlFTLUcoIH3mtASI0,6s22t5Y3prQHyaHWUN1R1C,Record Player,AJR,149538,60
5tf8NV1rHghYymjIqeKMus,6s22t5Y3prQHyaHWUN1R1C,Sober Up (feat. Rivers Cuomo),AJR,218763,59
44B9xspO3RycWjEJ3D8cKl,6s22t5Y3prQHyaHWUN1R1C,The Good Part,AJR,227267,55
51ZQ1vr10ffzbwIjDCwqm4,66CXWjxzNUsdJxJ2JdwvnR,we can't be friends (wait for your love),Ariana Grande,228639,87
0Lmbke3KNVFXtoH2mMSHCw,66CXWjxzNUsdJxJ2JdwvnR,the boy is mine,Ariana Grande,173639,83
2o1pb13quMReXZqE7jWsgq,66CXWjxzNUsdJxJ2JdwvnR,intro (end of the world),Ariana Grande,92400,82
1oFAF1hdPOickyHgbuRjyX,66CXWjxzNUsdJxJ2JdwvnR,Save Your Tears (Remix) (with Ariana Grande) - Bonus Track,Ariana Grande,191013,79
7xoUc6faLbCqZO6fQEYprd,66CXWjxzNUsdJxJ2JdwvnR,One Last Time,Ariana Grande,197266,82
6ocbgoVGwYJhOv1GgI9NsF,66CXWjxzNUsdJxJ2JdwvnR,7 rings,Ariana Grande,178626,82
4W4fNrZYkobj539TOWsLO2,66CXWjxzNUsdJxJ2JdwvnR,Die For You (with Ariana Grande) - Remix,Ariana Grande,232857,77
5D34wRmbFS29AjtTOP2QJe,66CXWjxzNUsdJxJ2JdwvnR,"yes, and?",Ariana Grande,214994,77
6RUhbFEhrvGISaQ8u2j2JN,66CXWjxzNUsdJxJ2JdwvnR,Dangerous Woman,Ariana Grande,235946,69
63y6xWR4gXz7bnUGOk8iI6,66CXWjxzNUsdJxJ2JdwvnR,Into You,Ariana Grande,244453,70
3Ch0HLsUMMcqSq6kVHi9wm,0urTpYCsixqZwgNTkPJOJ4,Are You That Somebody?,Aaliyah,265666,62
0EvX3wUXm0Xds8ZTA7oXOJ,0urTpYCsixqZwgNTkPJOJ4,Try Again,Aaliyah,284640,61
3j64qSBGg8zPn4zRa9Wok1,0urTpYCsixqZwgNTkPJOJ4,One In A Million,Aaliyah,270760,51
7vVJ8Wom7dKf13dgNiBYtU,0urTpYCsixqZwgNTkPJOJ4,Rock The Boat,Aaliyah,274733,57
2hMk3VNicbCoV8I81m7Z3q,0urTpYCsixqZwgNTkPJOJ4,Age Ain't Nothing But a Number,Aaliyah,253960,64
4lRrk574qIHpoEEKC1zuam,0urTpYCsixqZwgNTkPJOJ4,At Your Best (You Are Love),Aaliyah,291400,63
5FqlfpjQDwRuGwZ5zrfdZa,0urTpYCsixqZwgNTkPJOJ4,I Don't Wanna,Aaliyah,256560,51
45wneA2j0Z0WMnYNDO6Ad0,0urTpYCsixqZwgNTkPJOJ4,Back & Forth,Aaliyah,231093,59
1OKwog5Da5Zli6SJSaUjpt,0urTpYCsixqZwgNTkPJOJ4,Miss You,Aaliyah,245226,50
2Zh6XtOWdtcY6GdosPU9bF,0urTpYCsixqZwgNTkPJOJ4,More Than A Woman,Aaliyah,229866,51
3ZaEs1O8BG581qYPHpQ8d6,13ubrt8QOOCPljQ2FL1Kca,I Smoked Away My Brain (I'm God x Demons Mashup) (feat. Imogen Heap & Clams Casino),A$AP Rocky,190285,83
2aPTvyE09vUCRwVvj0I8WK,13ubrt8QOOCPljQ2FL1Kca,Sundress,A$AP Rocky,158205,81
7ycWLEP1GsNjVvcjawXz3z,13ubrt8QOOCPljQ2FL1Kca,Praise The Lord (Da Shine) (feat. Skepta),A$AP Rocky,205040,80
2N3U8uTYhjX2KwGT0pf5x0,13ubrt8QOOCPljQ2FL1Kca,"Everyday (feat. Rod Stewart, Miguel & Mark Ronson)",A$AP Rocky,260986,78
787rCZF9i4L1cXGMkdyIk4,13ubrt8QOOCPljQ2FL1Kca,LVL,A$AP Rocky,220133,78
0O3TAouZE4vL9dM5SyxgvH,13ubrt8QOOCPljQ2FL1Kca,Fashion Killa,A$AP Rocky,236280,77
5xMjhZKSo8yh5r9b5vrYRr,13ubrt8QOOCPljQ2FL1Kca,Tailor Swif,A$AP Rocky,155391,77
6Ec5LeRzkisa5KJtwLfOoW,13ubrt8QOOCPljQ2FL1Kca,"Am I Dreaming (Metro Boomin & A$AP Rocky, Roisee)",A$AP Rocky,256026,74
1j6kDJttn6wbVyMaM42Nxm,13ubrt8QOOCPljQ2FL1Kca,Lord Pretty Flacko Jodye 2 (LPFJ2),A$AP Rocky,126960,74
57L5EYzCfHS7Jd58rV33lW,13ubrt8QOOCPljQ2FL1Kca,HIGHJACK,A$AP Rocky,190074,74
2SiXAy7TuUkycRVbbWDEpo,711MCceyCBcFnzjGY4Q7Un,You Shook Me All Night Long,AC/DC,210173,84
08mG3Y1vljYA6bvDt4Wqkj,711MCceyCBcFnzjGY4Q7Un,Back In Black,AC/DC,255493,84
57bgtoPSgt236HzfBOd8kj,711MCceyCBcFnzjGY4Q7Un,Thunderstruck,AC/DC,292880,84
2zYzyRzz6pRmhPzyfMEC8s,711MCceyCBcFnzjGY4Q7Un,Highway to Hell,AC/DC,208400,84
7LRMbd3LEoV5wZJvXT1Lwb,711MCceyCBcFnzjGY4Q7Un,T.N.T.,AC/DC,214666,78
69QHm3pustz01CJRwdo20z,711MCceyCBcFnzjGY4Q7Un,Hells Bells,AC/DC,312293,75
0C80GCp0mMuBzLf3EAXqxv,711MCceyCBcFnzjGY4Q7Un,Shoot to Thrill,AC/DC,317426,72
2d4e45fmUnguxh6yqC7gNT,711MCceyCBcFnzjGY4Q7Un,Dirty Deeds Done Dirt Cheap,AC/DC,231933,72
7nemcVsXVFZF01iqpIIo2Y,711MCceyCBcFnzjGY4Q7Un,It's a Long Way to the Top (If You Wanna Rock 'N' Roll),AC/DC,301226,71
4feXJ5IC3avXsVW9WNFSag,711MCceyCBcFnzjGY4Q7Un,Rock N Roll Train,AC/DC,261506,68
1BxfuPKGuaTgP7aM0Bbdwr,06HL4z0CvFAxyc27GXpf02,Cruel Summer,Taylor Swift,178426,90
2OzhQlSqBEmt7hmkYxfT6m,06HL4z0CvFAxyc27GXpf02,Fortnight (feat. Post Malone),Taylor Swift,228965,86
4q5YezDOIPcoLr8R81x9qy,06HL4z0CvFAxyc27GXpf02,I Can Do It With a Broken Heart,Taylor Swift,218004,84
3hUxzQpSfdDqwM3ZTFQY0K,06HL4z0CvFAxyc27GXpf02,august,Taylor Swift,261922,85
1dGr1c8CrMLDpV6mPbImSI,06HL4z0CvFAxyc27GXpf02,Lover,Taylor Swift,221306,85
4R2kfaDFhslZEMJqAFNpdd,06HL4z0CvFAxyc27GXpf02,cardigan,Taylor Swift,239560,84
0V3wPSX9ygBnCm8psDIegu,06HL4z0CvFAxyc27GXpf02,Anti-Hero,Taylor Swift,200690,82
1R0a2iXumgCiFb7HEZ7gUE,06HL4z0CvFAxyc27GXpf02,Don’t Blame Me,Taylor Swift,236413,83
0W0iAC1VGlB82PI6elxFYf,06HL4z0CvFAxyc27GXpf02,Guilty as Sin?,Taylor Swift,254365,78
2F3N9tdombb64aW6VtZOdo,06HL4z0CvFAxyc27GXpf02,Down Bad,Taylor Swift,261228,78
1LiN0Z98FkR1t0m8KmLcAH,2R21vXR83lH98kGeO99Y66,Amanece,Anuel AA,190004,80
43PiEypaceH339CSNiggyj,2R21vXR83lH98kGeO99Y66,BBY BOO - REMIX,Anuel AA,275862,77
5KJUqkXzzwEkoTuIL4EYEI,2R21vXR83lH98kGeO99Y66,SERIO CON ESE Q,Anuel AA,247468,70
6gMj2DzKR2PjrrbNSwcGFR,2R21vXR83lH98kGeO99Y66,OA,Anuel AA,235200,76
0KkIkfsLEJbrcIhYsCL7L5,2R21vXR83lH98kGeO99Y66,China,Anuel AA,301714,68
5q2JbCNi4FcnglgPfxcV65,2R21vXR83lH98kGeO99Y66,Sola (Remix),Anuel AA,307910,75
3jbT1Y5MoPwEIpZndDDwVq,2R21vXR83lH98kGeO99Y66,Adicto (with Anuel AA & Ozuna),Anuel AA,270740,74
0W2pF7zyj9dwZVK1RoUyjh,2R21vXR83lH98kGeO99Y66,WYA REMIX BLACK AND YELLOW (feat. iZaak & Pirlo),Anuel AA,390545,74
06s3QtMJVXw1AJX3UfvZG1,2R21vXR83lH98kGeO99Y66,Hasta Que Dios Diga,Anuel AA,246000,73
3f5lA8nnc4YYF1qf78WpHw,2R21vXR83lH98kGeO99Y66,Ella Quiere Beber - Remix,Anuel AA,219357,73
5XeFesFbtLpXzIVDNQP22n,7Ln80lUS6He07XvHI8qqHH,I Wanna Be Yours,Arctic Monkeys,183956,91
58ge6dfP91o9oXMzq3XkIS,7Ln80lUS6He07XvHI8qqHH,505,Arctic Monkeys,253586,80
086myS9r57YsLbJpU0TgK9,7Ln80lUS6He07XvHI8qqHH,Why'd You Only Call Me When You're High?,Arctic Monkeys,161123,85
5FVd6KXrgO9B3JPmC8OPst,7Ln80lUS6He07XvHI8qqHH,Do I Wanna Know?,Arctic Monkeys,272394,85
2AT8iROs4FQueDv2c8q2KE,7Ln80lUS6He07XvHI8qqHH,R U Mine?,Arctic Monkeys,201726,79
7e8utCy2JlSB8dRHKi49xM,7Ln80lUS6He07XvHI8qqHH,Fluorescent Adolescent,Arctic Monkeys,173493,69
0NdTUS4UiNYCNn5FgVqKQY,7Ln80lUS6He07XvHI8qqHH,Snap Out Of It,Arctic Monkeys,193030,77
5TTGoX70AFrTvuEtqHK37S,7Ln80lUS6He07XvHI8qqHH,No. 1 Party Anthem,Arctic Monkeys,243131,76
7nzsY8vlnKdvGOEE0rjAXZ,7Ln80lUS6He07XvHI8qqHH,Arabella,Arctic Monkeys,207356,74
2LGdO5MtFdyphi2EihANZG,7Ln80lUS6He07XvHI8qqHH,Knee Socks,Arctic Monkeys,257563,73
4KULAymBBJcPRpk1yO4dOG,40ZNYROS4zLfyyBSs2PGe2,I Remember Everything (feat. Kacey Musgraves),Zach Bryan,227195,87
4ZJ4vzLQekI0WntDbanNC7,40ZNYROS4zLfyyBSs2PGe2,Pink Skies,Zach Bryan,194920,87
3WMj8moIAXJhHsyLaqIIHI,40ZNYROS4zLfyyBSs2PGe2,Something in the Orange,Zach Bryan,228013,86
5iJKGpnFfvbjZJeAtwXfCj,40ZNYROS4zLfyyBSs2PGe2,28,Zach Bryan,233333,84
2Dct3GykKZ58hpWRFfe2Qd,40ZNYROS4zLfyyBSs2PGe2,Heading South,Zach Bryan,171692,84
1SjsVdSXpwm1kTdYEHoPIT,40ZNYROS4zLfyyBSs2PGe2,Sun to Me,Zach Bryan,163031,83
0OWhKvvsHptt6vnnNUSM9a,40ZNYROS4zLfyyBSs2PGe2,Oklahoma Smokeshow,Zach Bryan,211739,81
5jfhLCSIFUO4ndzNRh4w4G,40ZNYROS4zLfyyBSs2PGe2,"Burn, Burn, Burn",Zach Bryan,268856,80
4pCbJC43j3gSqG6Fen6upD,40ZNYROS4zLfyyBSs2PGe2,Hey Driver (feat. The War and Treaty),Zach Bryan,227466,80
0HEytGQM3bG1vKxER7IgVK,40ZNYROS4zLfyyBSs2PGe2,Spotless (feat. The Lumineers),Zach Bryan,169467,79
46IZ0fSY2mpAiktS3KOqds,4dpARuHxo51G3z768sgnrY,Easy On Me,Adele,224694,84
73CMRj62VK8nUS4ezD2wvi,4dpARuHxo51G3z768sgnrY,Set Fire to the Rain,Adele,242973,78
1zwMYTA5nlNjZxYrvBB2pV,4dpARuHxo51G3z768sgnrY,Someone Like You,Adele,285240,78
1c8gk2PeTE04A1pIDH9YMk,4dpARuHxo51G3z768sgnrY,Rolling in the Deep,Adele,228093,78
6VObnIkLVruX4UVyxWhlqm,4dpARuHxo51G3z768sgnrY,Skyfall,Adele,286480,84
7B5Npv8NjjTCzk8PLpU66h,4dpARuHxo51G3z768sgnrY,Love In The Dark,Adele,285935,74
7GgWAITsYJaRM3r50rfh5w,4dpARuHxo51G3z768sgnrY,When We Were Young,Adele,290900,72
5FgPwJ7Nh2FVmIXviKl2VF,4dpARuHxo51G3z768sgnrY,Make You Feel My Love,Adele,212040,71
62PaSfnXSMyLshYJrlTuL3,4dpARuHxo51G3z768sgnrY,Hello,Adele,295502,71
56pHllZT7QOacB0bP56ofx,4dpARuHxo51G3z768sgnrY,Chasing Pavements,Adele,210506,69
1Es7AUAhQvapIcoh3qMKDL,699OTQXzgjhIYAHMy9RyPD,Timeless (with Playboi Carti),Playboi Carti,256000,91
42VsgItocQwOQC3XWZ8JNA,699OTQXzgjhIYAHMy9RyPD,FE!N (feat. Playboi Carti),Playboi Carti,191700,89
2cZOYofOX4d6g0OXxkaIjA,699OTQXzgjhIYAHMy9RyPD,ALL RED,Playboi Carti,148053,88
28drn6tQo95MRvO0jQEo5C,699OTQXzgjhIYAHMy9RyPD,Type Shit,Playboi Carti,228266,85
6WzRpISELf3YglGAh7TXcG,699OTQXzgjhIYAHMy9RyPD,Popular (with Playboi Carti & Madonna) - From The Idol Vol. 1 (Music from the HBO Original Series),Playboi Carti,215466,83
22UmqSLFADtxHCcZ67RzKp,699OTQXzgjhIYAHMy9RyPD,"CARNIVAL (feat. Rich The Kid, Playboi Carti)",Playboi Carti,264324,62
3lCb7ZYE3Fvie4JOPqpXfY,699OTQXzgjhIYAHMy9RyPD,FIELD TRIP,Playboi Carti,163155,73
29TPjc8wxfz4XMn21O7VsZ,699OTQXzgjhIYAHMy9RyPD,Sky,Playboi Carti,193234,79
1e1JKLEDKP7hEQzJfNAgPl,699OTQXzgjhIYAHMy9RyPD,Magnolia,Playboi Carti,181812,77
1BpKJw4RZxaFB88NE5uxXf,699OTQXzgjhIYAHMy9RyPD,ILoveUIHateU,Playboi Carti,135122,77
4gl5Hodw7XK2Ar4YilxTZQ,3GCo22R8vSTHqSP5mYM1E7,BITE ME,AJ Dispirito,182766,67
1Hf5BE9h1XzbzA16MpgrR2,3GCo22R8vSTHqSP5mYM1E7,FOREVER,AJ Dispirito,62730,65
44cdg43zTW2iohZ7ywQv8f,3GCo22R8vSTHqSP5mYM1E7,BITE ME - Normal Pitch,AJ Dispirito,182766,58
6YiFeau0OKIinUCAb3gpio,3GCo22R8vSTHqSP5mYM1E7,Eternal Dream,AJ Dispirito,99124,56
4SmJGbHa758iMCjg7PZM5l,3GCo22R8vSTHqSP5mYM1E7,The Knife Dance,AJ Dispirito,71000,55
6zeRYYjZ6OyUfReQG5dgfR,3GCo22R8vSTHqSP5mYM1E7,BITE ME - Nightcore’d AGAIN,AJ Dispirito,163386,54
6TxZhb5ehztxGI3YCTdqIv,3GCo22R8vSTHqSP5mYM1E7,Murder Drones,AJ Dispirito,110000,52
0tkvkRx2PEdptKSH7Du4yx,3GCo22R8vSTHqSP5mYM1E7,Eternal DESTROYER,AJ Dispirito,147568,51
2IuAVcC7hiszLamBrJY7CA,3GCo22R8vSTHqSP5mYM1E7,Falling… For You??,AJ Dispirito,69500,49
7bVsZNCJDSddQBkxhbEwzv,3GCo22R8vSTHqSP5mYM1E7,Falling With You,AJ Dispirito,83576,47
1f5cbQtDrykjarZVrShaDI,31W5EY0aAly4Qieq6OFu6I,Drowning (feat. Kodak Black),A Boogie Wit da Hoodie,209269,75
3Ol2xnObFdKV9pmRD2t9x8,31W5EY0aAly4Qieq6OFu6I,Look Back at It,A Boogie Wit da Hoodie,179449,75
2FTeQQ5Rg9tBpgpTF5mnhE,31W5EY0aAly4Qieq6OFu6I,Still Think About You,A Boogie Wit da Hoodie,246987,73
5uQOauh47VFt3B2kV9kRXw,31W5EY0aAly4Qieq6OFu6I,My Shit,A Boogie Wit da Hoodie,128156,73
2xB46Bj9HZ4cr058yN4Pla,31W5EY0aAly4Qieq6OFu6I,Secrets,A Boogie Wit da Hoodie,133331,71
5uZm7EFtP5aoTJvx5gv9Xf,31W5EY0aAly4Qieq6OFu6I,Jungle,A Boogie Wit da Hoodie,174192,70
1wJRveJZLSb1rjhnUHQiv6,31W5EY0aAly4Qieq6OFu6I,Swervin (feat. 6ix9ine),A Boogie Wit da Hoodie,189486,68
6cZH4rX1KTt1aJ3Ql6Ynja,31W5EY0aAly4Qieq6OFu6I,Me and My Guitar,A Boogie Wit da Hoodie,161764,66
3L19besdNQzd342qL78xqm,31W5EY0aAly4Qieq6OFu6I,Demons and Angels (feat. Juice WRLD),A Boogie Wit da Hoodie,214592,66
0J0NdLdtshiKqIFSdB2Ipf,31W5EY0aAly4Qieq6OFu6I,Body (feat. Nemzzz) - UK Remix,A Boogie Wit da Hoodie,168000,64
4TvxDMTOkbK2yt7IfHWqZQ,7HqrSDuI9lHuH1CDismTFg,The Format,AZ,183440,56
47WX4SHMvBCTKqa1IohI2k,7HqrSDuI9lHuH1CDismTFg,New Life,AZ,82893,54
0lZWjBImx6kNe3WtOA09Xu,7HqrSDuI9lHuH1CDismTFg,Sugar Hill,AZ,249760,45
0kspjcYtht8TxQAYWceyHI,7HqrSDuI9lHuH1CDismTFg,Phone Tap,AZ,226306,39
0ZsjZirRsHOWUhOkl69JiR,7HqrSDuI9lHuH1CDismTFg,Sosa,AZ,125373,44
5vxII6AxXbPsAJE5dAdBo9,7HqrSDuI9lHuH1CDismTFg,Rather Unique,AZ,289600,44
10xcWJ5tmxSmmVwYb0UEzQ,7HqrSDuI9lHuH1CDismTFg,Problems,AZ,248293,43
2xy1BCIuRPh9DMOjmFYZ9x,7HqrSDuI9lHuH1CDismTFg,The Come Up,AZ,226373,42
4z1swK8bYaJUUEHESWqPbG,7HqrSDuI9lHuH1CDismTFg,How Ya Livin' featuring Nas,AZ,270733,42
3yysH58lQjPaKRdALIHisV,7HqrSDuI9lHuH1CDismTFg,Gimme Your's,AZ,187506,41
7o0TPSw494RG2Q4iWmd1v6,6mEQK9m2krja6X1cfsAjfl,唱,Ado,192653,71
61KYsWS25JXUO4fGb1138X,6mEQK9m2krja6X1cfsAjfl,Usseewa,Ado,206893,65
6A8NfypDHuwiLWbo4a1yca,6mEQK9m2krja6X1cfsAjfl,New Genesis,Ado,226813,63
3qik29BKjJFcucGkhGbhHj,6mEQK9m2krja6X1cfsAjfl,RuLe,Ado,197853,61
3WY0iazRPHOlIq6CdbKLZ6,6mEQK9m2krja6X1cfsAjfl,Backlight,Ado,237666,63
37bNBNB332HXbSy6079cws,6mEQK9m2krja6X1cfsAjfl,Odo,Ado,210346,61
7yQnZkAxSiAavC0zFRB1NI,6mEQK9m2krja6X1cfsAjfl,I’m invincible,Ado,257079,57
4gpvY7b9wHA9G1ZsMDu15b,6mEQK9m2krja6X1cfsAjfl,Aishite Aishite Aishite,Ado,258372,65
7AH2qqmAf4OHCavzhn6IWT,6mEQK9m2krja6X1cfsAjfl,MIRROR,Ado,180213,56
7lcXrOj9HdsHFQfNNBR4XS,6mEQK9m2krja6X1cfsAjfl,クラクラ,Ado,191105,59
7BKLCZ1jbUBVqRi2FVlTVw,26VFTg2z8YR0cCuwLzESi2,Closer,Halsey,244960,83
7FGq80cy8juXBCD2nrqdWU,26VFTg2z8YR0cCuwLzESi2,Eastside (with Halsey & Khalid),Halsey,170769,78
6FZDfxM3a3UCqtzo5pxSLZ,26VFTg2z8YR0cCuwLzESi2,Without Me,Halsey,201660,77
5k38wzpLb15YgncyWdTZE4,26VFTg2z8YR0cCuwLzESi2,Him & I (with Halsey),Halsey,268866,75
4a9tbd947vo9K8Vti9JwcI,26VFTg2z8YR0cCuwLzESi2,Boy With Luv (feat. Halsey),Halsey,229773,73
3OzCF9i6Ey7EkkAYJztmKp,26VFTg2z8YR0cCuwLzESi2,Bad At Love,Halsey,181279,71
1mGM4dJe4v9DhBY3pRSpRj,26VFTg2z8YR0cCuwLzESi2,Ego,Halsey,198498,71
3Z8FwOEN59mRMxDCtb8N0A,26VFTg2z8YR0cCuwLzESi2,Be Kind (with Halsey),Halsey,172761,70
7gdAgbYxtwwXsWsItU1apk,26VFTg2z8YR0cCuwLzESi2,Lucky,Halsey,198546,69
1Ao5nOuAUm42ob1UVvOkgW,26VFTg2z8YR0cCuwLzESi2,Walls Could Talk,Halsey,101789,69
5PycBIeabfvX3n9ILG7Vrv,5lwmRuXgjX8xIwlnauTZIP,Propuesta Indecente,Romeo Santos,235133,81
4NoOME4Dhf4xgxbHDT7VGe,5lwmRuXgjX8xIwlnauTZIP,X SI VOLVEMOS,Romeo Santos,200120,78
6I86RF3odBlcuZA9Vfjzeq,5lwmRuXgjX8xIwlnauTZIP,Eres Mía,Romeo Santos,250640,79
4JtKlgBLKHtRTqixKHrrw8,5lwmRuXgjX8xIwlnauTZIP,ÁNGEL,Romeo Santos,184095,79
6r46lnXFbE9fr2d3KNaGbe,5lwmRuXgjX8xIwlnauTZIP,Imitadora,Romeo Santos,234828,77
1iLv1ieT9BZ3qsti9yTCnG,5lwmRuXgjX8xIwlnauTZIP,Odio (feat. Drake),Romeo Santos,225000,76
3DKWF8is9hzp84aSxnhlag,5lwmRuXgjX8xIwlnauTZIP,Necio (feat. Carlos Santana),Romeo Santos,264266,74
252UPuQsncbBFhTrx4Ytcc,5lwmRuXgjX8xIwlnauTZIP,La Diabla,Romeo Santos,239026,74
6bcdiJvYNX115yvbh3wASz,5lwmRuXgjX8xIwlnauTZIP,Cancioncitas de Amor,Romeo Santos,237093,74
1WbXIpiGBJkCiv3hn40iPB,5lwmRuXgjX8xIwlnauTZIP,Sobredosis (feat. Ozuna),Romeo Santos,198332,73
0Ti2dlF2xLjXblvdU5fCxM,19I4tYiChJoxEO5EuviXpz,Miss Murder,AFI,206586,69
3fttmSWGThBQTNkuHMoCTN,19I4tYiChJoxEO5EuviXpz,Girl's Not Grey,AFI,190493,57
7mXieDbl55P3L8kPE33gcC,19I4tYiChJoxEO5EuviXpz,The Boy Who Destroyed The World,AFI,185360,54
6RGV97HIkgZJjme2dzilfg,19I4tYiChJoxEO5EuviXpz,Silver And Cold,AFI,250706,50
6hxa24dKfCoe1EA6g0RHNw,19I4tYiChJoxEO5EuviXpz,Prelude 12/21,AFI,94466,50
3cDE9Yn4GrsxSrlMCLdmTT,19I4tYiChJoxEO5EuviXpz,Love Like Winter,AFI,165653,50
7oSQG8KgYbrcR2kgwUD9SU,19I4tYiChJoxEO5EuviXpz,The Days Of The Phoenix,AFI,207693,50
7rFhh71IiBfOCM4EhMwuEb,19I4tYiChJoxEO5EuviXpz,The Leaving Song Pt. II,AFI,211040,49
3pbQW2s8n2KysT7SBIvRdc,19I4tYiChJoxEO5EuviXpz,Totalimmortal,AFI,164360,47
4O5GKVbnQ8U9BxYWu0hIug,19I4tYiChJoxEO5EuviXpz,Dancing Through Sunday,AFI,146666,46
4Na2HfNSr58chvfX69fy36,2hlmm7s2ICUX0LVIhVFlZQ,one of wun,Gunna,144000,85
4rXLjWdF2ZZpXCVTfWcshS,2hlmm7s2ICUX0LVIhVFlZQ,fukumean,Gunna,125040,84
78QR3Wp35dqAhFEc2qAGjE,2hlmm7s2ICUX0LVIhVFlZQ,Drip Too Hard (Lil Baby & Gunna),Gunna,145542,79
6XpEm7VJ7TZxZTawH8BCSW,2hlmm7s2ICUX0LVIhVFlZQ,Jump,Gunna,147071,75
1p0rEzrK7YtdRZVtiyV7RN,2hlmm7s2ICUX0LVIhVFlZQ,Lemonade (feat. NAV),Gunna,195428,77
6EUcP55GlbmsmCzfL2vxtZ,2hlmm7s2ICUX0LVIhVFlZQ,on one tonight,Gunna,90760,77
7fzN9lz890zav0HERLvVKZ,2hlmm7s2ICUX0LVIhVFlZQ,prada dem (feat. Offset),Gunna,165346,70
0lEjxUUlKqjqXrVlIHFduD,2hlmm7s2ICUX0LVIhVFlZQ,P power (feat. Drake),Gunna,193346,73
5oq7ssOOA3U6UbQ5vjYQvO,2hlmm7s2ICUX0LVIhVFlZQ,It Is What It Is (feat. Gunna),Gunna,203637,72
32TTewBmtmhUmYxS1ajqaJ,2hlmm7s2ICUX0LVIhVFlZQ,hakuna matata,Gunna,127853,72
0GjEhVFGZW8afUYGChu3Rr,0LcJLqbBmaGUft1e9Mm8HV,Dancing Queen,ABBA,230400,83
3vkQ5DAB1qQMYO4Mr9zJN6,0LcJLqbBmaGUft1e9Mm8HV,Gimme! Gimme! Gimme! (A Man After Midnight),ABBA,292613,79
4euAGZTszWPrriggYK0HG9,0LcJLqbBmaGUft1e9Mm8HV,Lay All Your Love On Me,ABBA,274466,76
2TxCwUlqaOH3TIyJqGgR91,0LcJLqbBmaGUft1e9Mm8HV,Mamma Mia,ABBA,213266,77
5BckPAYcKEJuYs1eV1BHHe,0LcJLqbBmaGUft1e9Mm8HV,Take A Chance On Me,ABBA,243933,75
3Dy4REq8O09IlgiwuHQ3sk,0LcJLqbBmaGUft1e9Mm8HV,Waterloo,ABBA,168960,73
3oEkrIfXfSh9zGnE7eBzSV,0LcJLqbBmaGUft1e9Mm8HV,The Winner Takes It All,ABBA,294720,73
3lKN03PDeBnXZS7sDukRBt,0LcJLqbBmaGUft1e9Mm8HV,"Money, Money, Money",ABBA,186426,70
0J2p4KYdr6Mg4ET6JPlbe1,0LcJLqbBmaGUft1e9Mm8HV,Super Trouper,ABBA,252853,72
762B4bOcXF7I2Y8UlKTyTy,0LcJLqbBmaGUft1e9Mm8HV,Chiquitita,ABBA,326320,71
2kQuhkFX7uSVepCD3h29g5,0z4gvV4rjIZ9wHck67ucSV,Smack That,Akon,212360,83
4v7DCN09hgXkKazefkznDQ,0z4gvV4rjIZ9wHck67ucSV,Lonely,Akon,235800,77
5Ravsw8TmHN5wBiYPPYUFw,0z4gvV4rjIZ9wHck67ucSV,Right Now (Na Na Na),Akon,240746,77
0CXVjQI9wsqaGeIARkkpYc,0z4gvV4rjIZ9wHck67ucSV,I Wanna Love You,Akon,247066,74
7I6DceMT3utDOHjcYCbrr4,0z4gvV4rjIZ9wHck67ucSV,Don't Matter,Akon,293053,74
0EH7sgeiFqDa3eS7ieW2zs,0z4gvV4rjIZ9wHck67ucSV,Chammak Challo,Akon,227091,72
48EQasc6XD0pOQtkIOWqOC,0z4gvV4rjIZ9wHck67ucSV,Locked Up,Akon,235066,68
1GLx5tpDdwEFiA7KaikvX2,0z4gvV4rjIZ9wHck67ucSV,Beautiful,Akon,312986,70
61BqwgSRTyWH9M4uPjsC3B,0z4gvV4rjIZ9wHck67ucSV,"Sorry, Blame It On Me",Akon,295746,67
6uq9QQLcdeUbhe5T7ZUFl4,0z4gvV4rjIZ9wHck67ucSV,Be With You,Akon,231013,65
2xPQLpLcvGxNlnNwG9ogKm,5GyVJzooUpg9hZonyyIEfI,Cocaine Style,ARO,195933,29
3S2opfcFJLZDPq34chbBti,5GyVJzooUpg9hZonyyIEfI,Raining Gold,ARO,227764,20
5xXLEjBHbuFMbSZ7FymeKD,5GyVJzooUpg9hZonyyIEfI,Shared Something with the Night,ARO,189800,19
4RPirdYUD9B8ydr90jrI4E,5GyVJzooUpg9hZonyyIEfI,Against Mine,ARO,225038,17
7rAO8JhhKTcCgnyXypoY0I,5GyVJzooUpg9hZonyyIEfI,House of Lies,ARO,220590,15
5DBKPYhWHo29x8N4elZwC4,5GyVJzooUpg9hZonyyIEfI,Beats of My Heart,ARO,235285,13
0o4vtnmUJLNER95q8fAglc,5GyVJzooUpg9hZonyyIEfI,Choir Day,ARO,219561,12
0iUNQnWUnsnsB2Wd8AzVag,5GyVJzooUpg9hZonyyIEfI,Gold Thread,ARO,218813,11
29s3I8xvmz1nSiMIbuOvs2,5GyVJzooUpg9hZonyyIEfI,Shameless Son,ARO,236970,11
5VPUGdqgKWSZII8djxra2C,5GyVJzooUpg9hZonyyIEfI,Shark Knight,ARO,212141,10
7fyG2MquxykO3Ufiku1Dj2,6lcwlkAjBPSKnFBZjjZFJs,Treehouse,Alex G,158801,80
4p9iQNEmsIGkB6eG8Val8n,6lcwlkAjBPSKnFBZjjZFJs,Mary,Alex G,197733,72
4HuiEuJ7ZW8jewUuZBg6sk,6lcwlkAjBPSKnFBZjjZFJs,Sarah,Alex G,176146,73
4ff1q6L0CZ3nf3LKJ1O7lY,6lcwlkAjBPSKnFBZjjZFJs,16 Mirrors,Alex G,87093,69
1llY5gzWqdAjm1Hscr4kwn,6lcwlkAjBPSKnFBZjjZFJs,Mis,Alex G,200680,68
1V9lCLSierc1RFpERt6ak9,6lcwlkAjBPSKnFBZjjZFJs,Things to Do,Alex G,157874,71
3poJLRLGViMX3gicX9UYtD,6lcwlkAjBPSKnFBZjjZFJs,Advice,Alex G,157973,66
50gchdAhBUnVOLqQRyKE9L,6lcwlkAjBPSKnFBZjjZFJs,Race,Alex G,223255,67
0bPiyfCmBIWqDDQZ6KqFXu,6lcwlkAjBPSKnFBZjjZFJs,Change,Alex G,124333,64
3suf1WpGLuPpq2DXkkmyK5,6lcwlkAjBPSKnFBZjjZFJs,Forever,Alex G,149640,64
39QiibEKxAyV6J5xchyiIX,3HLrEfEtB8wI5O1qYtDADS,Dreaming About Scars,A.lostfield,192653,18
2K7ns6ug1NsjmR7oo57RLc,3HLrEfEtB8wI5O1qYtDADS,I Still Pretend,A.lostfield,317466,8
6gv3UbRdcccbbEwVbFJFZI,3HLrEfEtB8wI5O1qYtDADS,Forgotten Story,A.lostfield,153200,6
1tuyWigtnYcINeHJgs49qN,3HLrEfEtB8wI5O1qYtDADS,Wasted Acts,A.lostfield,275893,5
6SjzQETKzIMTl67ld3PALs,3HLrEfEtB8wI5O1qYtDADS,Through the Gates,A.lostfield,170906,4
4RbvcuRWq1UOEsouj6rF3D,3HLrEfEtB8wI5O1qYtDADS,Internal,A.lostfield,197920,4
5lr69QJYj5ye0jnkFalyQA,3HLrEfEtB8wI5O1qYtDADS,Hide Your Face,A.lostfield,243653,4
0ag9BQVVtliEocTZPDVGmz,3HLrEfEtB8wI5O1qYtDADS,Forcing Salvation,A.lostfield,196066,3
2oQfgqb664DoxA7R9lugsn,3HLrEfEtB8wI5O1qYtDADS,Marks From the Past,A.lostfield,168320,3
6TtnDa9yDaUOuXv3kDETWr,3HLrEfEtB8wI5O1qYtDADS,Equal Purposes,A.lostfield,212160,3
5zCnGtCl5Ac5zlFHXaZmhy,4YRxDV8wJFPHPTeXepOstw,"Sajni (From ""Laapataa Ladies"")",Arijit Singh,170044,80
2Fv2injs4qAm8mJBGaxVKU,4YRxDV8wJFPHPTeXepOstw,"Tujhe Kitna Chahne Lage (From ""Kabir Singh"")",Arijit Singh,284779,77
3yHyiUDJdz02FZ6jfUbsmY,4YRxDV8wJFPHPTeXepOstw,"Satranga (From ""ANIMAL"")",Arijit Singh,271169,77
1hA697u7e1jX2XM8sWA6Uy,4YRxDV8wJFPHPTeXepOstw,Apna Bana Le,Arijit Singh,261702,72
3xMHXmedL5Rvfxmiar9Ryv,4YRxDV8wJFPHPTeXepOstw,Chaleya,Arijit Singh,200373,73
6bmmHeCvZI92pRiTHxEdTC,4YRxDV8wJFPHPTeXepOstw,O Maahi,Arijit Singh,233453,72
5PUXKVVVQ74C3gl5vKy9Li,4YRxDV8wJFPHPTeXepOstw,Heeriye (feat. Arijit Singh),Arijit Singh,194857,76
5npFBWhVs3VVlc0nY5xQMA,4YRxDV8wJFPHPTeXepOstw,"Tainu Khabar Nahi - From ""Munjya""",Arijit Singh,188166,74
2PvaburAUlhNHxVhw5lvOq,4YRxDV8wJFPHPTeXepOstw,"Humdard (From ""Ek Villain"")",Arijit Singh,260590,72
56zZ48jdyY2oDXHVnwg5Di,4YRxDV8wJFPHPTeXepOstw,Tum Hi Ho,Arijit Singh,261974,74
1xt8FHQ6c1SW80UoXDMiR8,7DICBAYiaIMh5MulqwCtET,Hold Tight,AK,249593,51
0cZ70m4LPKCyukf68hEJuw,7DICBAYiaIMh5MulqwCtET,Now I'm Forever,AK,187578,44
4Z15E3eGlgjCIQvdVPwIlg,7DICBAYiaIMh5MulqwCtET,Evil Eye,AK,188059,43
3CgAXPqujZOzBDRSYXEguI,7DICBAYiaIMh5MulqwCtET,Like I Got It,AK,178611,41
4oU7vBuCoC9LR4Idhyer2T,7DICBAYiaIMh5MulqwCtET,Top Of The World,AK,164118,39
5yJdwsIcOI3rUhGGzAZzx7,7DICBAYiaIMh5MulqwCtET,Uncomfortably High,AK,220263,38
5quVJy1PC331e0ge6wezvr,7DICBAYiaIMh5MulqwCtET,Wait too Long,AK,199067,38
5P59PctJ2XNJ4XJAlCEM26,7DICBAYiaIMh5MulqwCtET,Wait Up,AK,169295,38
3eyYN6wMocH2LqTRxo5Zfn,7DICBAYiaIMh5MulqwCtET,Closed Off,AK,155880,37
7I1WfizUZh9o4klT5LtKvC,7DICBAYiaIMh5MulqwCtET,Rock Bottom,AK,183198,37
02VBYrHfVwfEWXk5DXyf0T,3jK9MiCrA42lLAdMGUZpwa,Leave The Door Open,Anderson .Paak,242096,78
1qfJ6OvxrspQTmcvdIEoX6,3jK9MiCrA42lLAdMGUZpwa,places to be,Anderson .Paak,224073,71
3xVZYkcuWalGudeKl861wb,3jK9MiCrA42lLAdMGUZpwa,Smokin Out The Window,Anderson .Paak,197442,73
3jiKUMXqwEodB7gVv1RMZU,3jK9MiCrA42lLAdMGUZpwa,After Last Night (with Thundercat & Bootsy Collins),Anderson .Paak,249444,71
7jvCeWOSnJs2N3spqobWnO,3jK9MiCrA42lLAdMGUZpwa,Skate,Anderson .Paak,203122,68
2JUQ7mV1AHk2owXLydmN4Z,3jK9MiCrA42lLAdMGUZpwa,Love's Train,Anderson .Paak,307014,65
3z8DyeoD1bZOQtEYyCL2wn,3jK9MiCrA42lLAdMGUZpwa,Summer Drop (feat. Anderson .Paak),Anderson .Paak,168580,65
276zciJ7Fg7Jk6Ta6QuLkp,3jK9MiCrA42lLAdMGUZpwa,Come Down,Anderson .Paak,169726,62
3a6FcTyvSf0ED3VXeH3PJ5,3jK9MiCrA42lLAdMGUZpwa,Fly As Me,Anderson .Paak,219389,58
7LK0IWXe2Yd0JGgSjJThex,3jK9MiCrA42lLAdMGUZpwa,Silk Sonic Intro,Anderson .Paak,63060,53
5wG3HvLhF6Y5KTGlK0IW3J,50co4Is1HCEo8bhOyUWKpn,Trance (with Travis Scott & Young Thug),Young Thug,194786,82
1qIwin7JMVuX70qN6wD8ww,50co4Is1HCEo8bhOyUWKpn,It's Up (feat. Young Thug & 21 Savage),Young Thug,278000,78
4GXl8l1MfZPf2GvpyRPJBf,50co4Is1HCEo8bhOyUWKpn,pick up the phone,Young Thug,252262,69
6vVzKCUfA6LzEU9wH0xNUR,50co4Is1HCEo8bhOyUWKpn,Lightyears (with Young Thug),Young Thug,192130,61
1IIKrJVP1C9N7iPtG6eOsK,50co4Is1HCEo8bhOyUWKpn,Go Crazy,Young Thug,176960,72
4ea9w8c4ROqiZpJVhfBA3m,50co4Is1HCEo8bhOyUWKpn,Hot (Remix) [feat. Gunna and Travis Scott],Young Thug,279906,71
3s4mrPrEFFPF0LmAfutW0n,50co4Is1HCEo8bhOyUWKpn,The London (feat. J. Cole & Travis Scott),Young Thug,200186,68
0k1WUmIRnG3xU6fvvDVfRG,50co4Is1HCEo8bhOyUWKpn,Way 2 Sexy (with Future & Young Thug),Young Thug,257604,70
0bkV1iQHSxBaksUqgEkcbc,50co4Is1HCEo8bhOyUWKpn,SKITZO (feat. Young Thug),Young Thug,366592,69
55Il61JlZoxK9oiNFUTAUX,50co4Is1HCEo8bhOyUWKpn,RIVER,Young Thug,247272,52
6Yj8kVuVR3UPxx9r5eFEoV,54gWVQFHf8IIqbjxAoOarN,Miniskirt,AOA,179808,63
548FKDwnyPFkfWmtoK6ETA,54gWVQFHf8IIqbjxAoOarN,Like a Cat,AOA,219533,51
7pm5uhK7xiEM9fQvuCE78l,54gWVQFHf8IIqbjxAoOarN,Heart Attack,AOA,196522,51
2Gq8bwrWXzc1gW9g2EnHTh,54gWVQFHf8IIqbjxAoOarN,Excuse Me,AOA,224948,47
05G51ez5Z73NRE0l2QtZfH,54gWVQFHf8IIqbjxAoOarN,Short Hair,AOA,214588,47
577ckDBuyYNGeqetUhbv7d,54gWVQFHf8IIqbjxAoOarN,Good Luck,AOA,187024,44
04LMZmQh5Le3F7OwLwHDEM,54gWVQFHf8IIqbjxAoOarN,Bingle Bangle,AOA,221778,41
5KrvZAR95aP5Otmsiwp9pC,54gWVQFHf8IIqbjxAoOarN,Come See Me,AOA,202680,39
3hajTh9ZfJcqfBbrw2C19M,54gWVQFHf8IIqbjxAoOarN,Egotistic,AOA,215197,37
4fCUZbBdlcUY3KUqHdEoZK,54gWVQFHf8IIqbjxAoOarN,Bing Bing,AOA,191226,37
3XVBdLihbNbxUwZosxcGuJ,3DiDSECUqqY1AuBP8qtaIa,If I Ain't Got You,Alicia Keys,228706,83
68vgtRHr7iZHpzGpon6Jlo,3DiDSECUqqY1AuBP8qtaIa,My Boo,Alicia Keys,223440,80
0mZ5GyrHG908lqrHaTw4hi,3DiDSECUqqY1AuBP8qtaIa,No One,Alicia Keys,254523,74
0KQx6HOpJueiSkztcS0r7D,3DiDSECUqqY1AuBP8qtaIa,Fallin',Alicia Keys,210200,77
4esOae7i4rqTbAu9o5Pxco,3DiDSECUqqY1AuBP8qtaIa,Girl on Fire,Alicia Keys,224920,74
5a2Mb0OPY17zkS8FnciQhg,3DiDSECUqqY1AuBP8qtaIa,Finally,Alicia Keys,215583,74
4o4wEDRqotccDTXiQ7TORu,3DiDSECUqqY1AuBP8qtaIa,Un-thinkable (I'm Ready) (feat. Drake) - Remix,Alicia Keys,282026,70
5sra5UY6sD658OabHL3QtI,3DiDSECUqqY1AuBP8qtaIa,Empire State of Mind (Part II) Broken Down,Alicia Keys,216480,68
4JOP8ELK6AaeySe7sKe996,3DiDSECUqqY1AuBP8qtaIa,Un-thinkable (I'm Ready),Alicia Keys,249240,66
6LGwYMXXgURfaequXipzHx,3DiDSECUqqY1AuBP8qtaIa,You Don't Know My Name,Alicia Keys,366733,66
1pLCpA1RN8avJxSD3ZCwhj,4SsVbpTthjScTS7U2hmr1X,Pa' Que La Pases Bien,Arcángel,214120,75
6NSMQFKgjpQb0KkjMDYIK0,4SsVbpTthjScTS7U2hmr1X,Tu No Vive Asi (feat. Mambo Kingz & DJ Luian),Arcángel,264000,75
2mnXxnrX5vCGolNkaFvVeM,4SsVbpTthjScTS7U2hmr1X,La Jumpa,Arcángel,255693,69
5Y0ZwhwMEQ7NIb5PeAp0YI,4SsVbpTthjScTS7U2hmr1X,Hace Mucho Tiempo,Arcángel,171333,64
5orb2qBX5ISKtsSy20v8SK,4SsVbpTthjScTS7U2hmr1X,X'CLUSIVO - REMIX,Arcángel,208133,0
6K5BsR04ijf3FHNzjbaagD,4SsVbpTthjScTS7U2hmr1X,Si Se Da - Remix,Arcángel,332240,73
3GhmL9fuM8jwGcHCFbeo3v,4SsVbpTthjScTS7U2hmr1X,Me Prefieres A Mi,Arcángel,195657,73
32hCeeK3ayPux4UauNPsgA,4SsVbpTthjScTS7U2hmr1X,ALV,Arcángel,224285,72
6TZXBJLTIOX6DM6hwCsKw2,4SsVbpTthjScTS7U2hmr1X,Me Ama Me Odia,Arcángel,326936,71
2FIm6YsSGL5acOqSuJDh5s,4SsVbpTthjScTS7U2hmr1X,Me Acostumbre (feat. Bad Bunny),Arcángel,263288,69
5lKnZbdGCBViitE1Ce5TZh,6YVMFz59CuY7ngCxTxjpxE,Supernova,aespa,178880,55
4b2fMv44GAYpsDSK4ihbsI,6YVMFz59CuY7ngCxTxjpxE,Armageddon,aespa,196466,54
5XWlyfo0kZ8LF7VSyfS4Ew,6YVMFz59CuY7ngCxTxjpxE,Drama,aespa,214973,79
3gtlthEgyulDfT8dWdKsnv,6YVMFz59CuY7ngCxTxjpxE,Spicy,aespa,197040,69
3dbLT62Cvs46Ju7a8gpr36,6YVMFz59CuY7ngCxTxjpxE,Savage,aespa,238143,71
2zrhoHlFKxFTRF5aMyxMoQ,6YVMFz59CuY7ngCxTxjpxE,Next Level,aespa,221573,70
1o844wI52S3TjXGBwvGcc7,6YVMFz59CuY7ngCxTxjpxE,Hold On Tight,aespa,149718,70
6Tj9KfzPp7tmgcDdsaPwGE,6YVMFz59CuY7ngCxTxjpxE,Black Mamba,aespa,174933,67
5sjnkOfTLCLNfkkchI2re2,6YVMFz59CuY7ngCxTxjpxE,UP - KARINA Solo,aespa,166640,68
04DdQ3wZVyWl9pxCQWzjjz,6YVMFz59CuY7ngCxTxjpxE,Live My Life,aespa,159133,44
2Bhmj4XK33InfhqKPxcJ1v,1qto4hHid1P71emI6Fd8xi,Dile al Amor,Aventura,229360,78
6G4U9avyBNEfP0fAIduev3,1qto4hHid1P71emI6Fd8xi,Ella Y Yo - Featuring Don Omar,Aventura,267786,78
27ze5t5tIDPlVits0KRbxT,1qto4hHid1P71emI6Fd8xi,El Perdedor,Aventura,215213,78
65H6t1WQBim6q93yM8fEwn,1qto4hHid1P71emI6Fd8xi,Obsesion,Aventura,254720,76
0HDHY6RSHHG2ZTE0cMT4GJ,1qto4hHid1P71emI6Fd8xi,Los Infieles,Aventura,257186,76
217bRMES4HVbPdUe8l8ECN,1qto4hHid1P71emI6Fd8xi,El Malo,Aventura,238720,75
2vmfvSoZBFAt9hhRoEByLi,1qto4hHid1P71emI6Fd8xi,Volví,Aventura,230125,75
1SaEt8dwTuLDzenUu5BqI6,1qto4hHid1P71emI6Fd8xi,Un Beso,Aventura,263346,74
79MlVxKj43tDISSISiVHJM,1qto4hHid1P71emI6Fd8xi,Enseñame a Olvidar,Aventura,348826,72
2MioxSroS0g1mi24LLfcnq,1qto4hHid1P71emI6Fd8xi,Por un Segundo,Aventura,255026,72
40MskkY7wsFIzhPy19NNTP,7M5pDtJpCdnftEQZtczYco,Emo Boy,Ayesha Erotica,154096,71
3TFXn86LF4e4bQC6q0SmmP,7M5pDtJpCdnftEQZtczYco,Yummy,Ayesha Erotica,160940,69
4UQijskfH7GRycjz77buzW,7M5pDtJpCdnftEQZtczYco,Yummy - Righteous Remix,Ayesha Erotica,164001,69
0hmd7it20lGXWfNPOUcYUp,7M5pDtJpCdnftEQZtczYco,BREAK A NECK (w/ Ayesha Erotica),Ayesha Erotica,116330,67
2gmwvGC1yOw8NdMcZE8nfo,7M5pDtJpCdnftEQZtczYco,Literal Legend,Ayesha Erotica,164728,67
4IbD6fckUgj1qrC2U5VGem,7M5pDtJpCdnftEQZtczYco,THE BADDEST (BADDER) [feat. Ayesha Erotica],Ayesha Erotica,143994,55
746z2RKWdeJjF2HnCZcZaZ,7M5pDtJpCdnftEQZtczYco,Big Juicy,Ayesha Erotica,205191,62
5IckKkhTzIupKyRMyAc4WO,7M5pDtJpCdnftEQZtczYco,Feel It,Ayesha Erotica,150726,61
1RXkdiCc4TtwPacmIKyUnX,7M5pDtJpCdnftEQZtczYco,Vacation Bible School,Ayesha Erotica,291692,61
2pIOylb5eS8w7fbI9AppMj,7M5pDtJpCdnftEQZtczYco,Sixteen,Ayesha Erotica,131982,61
6gZVQvQZOFpzIy3HblJ20F,64tNsm6TnZe2zpcMVMOoHL,Man in the Box,Alice In Chains,285200,75
4A065x9kJt955eGVqf813g,64tNsm6TnZe2zpcMVMOoHL,Them Bones (2022 Remaster),Alice In Chains,149466,74
5sFDReWLrZHLFZFjHsjUTS,64tNsm6TnZe2zpcMVMOoHL,Would? (2022 Remaster),Alice In Chains,206773,73
2JuasWPUodaUxf5nwNpciQ,64tNsm6TnZe2zpcMVMOoHL,Nutshell,Alice In Chains,259200,73
0wvIGFIgbyz4JNwQhZgTv2,64tNsm6TnZe2zpcMVMOoHL,Rooster (2022 Remaster),Alice In Chains,374333,71
7FRfYOql61DGDp9VPPe2qA,64tNsm6TnZe2zpcMVMOoHL,Down In A Hole (2022 Remaster),Alice In Chains,338226,66
5Ds35L9KpUDKgSxZ6whuoQ,64tNsm6TnZe2zpcMVMOoHL,We Die Young,Alice In Chains,152560,64
4PtZE0h5oyPhCtPjg3NeYQ,64tNsm6TnZe2zpcMVMOoHL,No Excuses,Alice In Chains,255573,63
7Fm3NhbAYHvTQUhboim9FB,64tNsm6TnZe2zpcMVMOoHL,Rotten Apple,Alice In Chains,418466,63
2liwbAaiYRiJB2H286u1zS,64tNsm6TnZe2zpcMVMOoHL,Check My Brain,Alice In Chains,237906,62
6R8BF59Hi0h4SdjXLbglZe,6iXUnitOtnZ6ewUlJbfSCD,HOME,APollo7,149722,0
101HGxg8Yr9PkbJTjx8f43,6iXUnitOtnZ6ewUlJbfSCD,Fuxk with 5ive (Extended Verse),APollo7,165047,0
7qOrEKYUIcsVkx9hpf2PZy,6iXUnitOtnZ6ewUlJbfSCD,Mind!,APollo7,179234,0
2Bk6W0SgayMCuaS7dCLDhT,6iXUnitOtnZ6ewUlJbfSCD,Spoke to the devil,APollo7,128011,0
0Km8DfVZOrggOe2z1JEpKF,6iXUnitOtnZ6ewUlJbfSCD,Blood On The Leaves,APollo7,104396,0
5tAxX5uNqyWNeF8xsEsqOO,6iXUnitOtnZ6ewUlJbfSCD,KAPLOKK (Who You Around),APollo7,124226,0
6RR86Ndj67BrLEnol1U48C,6iXUnitOtnZ6ewUlJbfSCD,AP DIM 700,APollo7,86331,0
7j0ciczCNLfTRdtibNIoaU,6iXUnitOtnZ6ewUlJbfSCD,When It's Over,APollo7,197764,0
1639S3mSGtgY32XQqCkYnG,6iXUnitOtnZ6ewUlJbfSCD,Wish I Never Met Her (W.I.N.M.H),APollo7,128243,0
2zkQzacJ47dEqTmWTaBUp6,6iXUnitOtnZ6ewUlJbfSCD,Fawk,APollo7,118862,0
59kHPbwyyCApYA8RQQEuXm,4mxWe1mtYIYfP040G38yvS,Chattahoochee,Alan Jackson,148160,74
7KysI43rsjlhjTeWO6ePUq,4mxWe1mtYIYfP040G38yvS,It's Five O'Clock Somewhere,Alan Jackson,229800,69
2IY559smG7SXYk229NA2Vl,4mxWe1mtYIYfP040G38yvS,Little Bitty,Alan Jackson,158626,67
1FV374EPG5CrjdIbIMLkcv,4mxWe1mtYIYfP040G38yvS,Drive (For Daddy Gene),Alan Jackson,242733,64
6IEIPevuDocD80PovsX6kN,4mxWe1mtYIYfP040G38yvS,Gone Country,Alan Jackson,260493,58
6lyKOW0FNW6aAZdKVgoM8m,4mxWe1mtYIYfP040G38yvS,Good Time,Alan Jackson,306773,64
15gU2OepIEbeNTBbes6pIF,4mxWe1mtYIYfP040G38yvS,Livin' On Love,Alan Jackson,229560,55
3oyByfBYegVEDwYyqx9pRd,4mxWe1mtYIYfP040G38yvS,Don't Rock the Jukebox,Alan Jackson,171066,62
46wsj9yMktwifcIhXhqj1b,4mxWe1mtYIYfP040G38yvS,Remember When,Alan Jackson,270600,49
6QP8JgHuOi0itWXuZ6wdTM,4mxWe1mtYIYfP040G38yvS,Chasin' That Neon Rainbow,Alan Jackson,185373,57
0GfWTZZOc7co6oVqyQ556l,2oQX8QiMXOyuqbcZEFsZfm,ESTE,El Alfa,162058,76
4zTSSrtsaVVjT3RZKQ1Gqn,2oQX8QiMXOyuqbcZEFsZfm,La Mamá de la Mamá,El Alfa,219000,73
1BIXs6CdkPRLytuqoXs6XN,2oQX8QiMXOyuqbcZEFsZfm,4K,El Alfa,201500,73
7LLBONqWyX3MoBvIVPu5fj,2oQX8QiMXOyuqbcZEFsZfm,Tacata (Remix),El Alfa,156716,72
3Zf4GutWZ7Hv3wsVQsSQPs,2oQX8QiMXOyuqbcZEFsZfm,BEBÉ,El Alfa,197284,70
4b6KA8SAIvDy9wT12Emzfc,2oQX8QiMXOyuqbcZEFsZfm,Los Aparatos,El Alfa,232843,69
1khmgu0pveJbkbpbkyvcQv,2oQX8QiMXOyuqbcZEFsZfm,La Romana,El Alfa,300579,71
4phvdPGXE8MGXsTBhqB5ht,2oQX8QiMXOyuqbcZEFsZfm,Suave (Remix),El Alfa,305526,68
2PUdyEnqZUh3zICKE4Fu8N,2oQX8QiMXOyuqbcZEFsZfm,Besalo,El Alfa,163265,68
7uSLF2yhpjLlYBLtyPX3Lb,2oQX8QiMXOyuqbcZEFsZfm,PLEBADA,El Alfa,221739,67
3JG1uFc40wfyrqaWC7iv0e,0PCCGZ0wGLizHt2KZ7hhA2,i like the way you kiss me,Artemas,142514,82
1ACA277B6f46DYCgZW8di3,0PCCGZ0wGLizHt2KZ7hhA2,if u think i'm pretty,Artemas,128205,80
1GnTBbaFtxNkHEjUsWEdNu,0PCCGZ0wGLizHt2KZ7hhA2,cross my heart,Artemas,146216,73
1lau6K2YSP5APtkzNJxVyB,0PCCGZ0wGLizHt2KZ7hhA2,dirty little secret,Artemas,181346,66
6Q57LMIIjmbOBkvXe8ADW4,0PCCGZ0wGLizHt2KZ7hhA2,wet dreams,Artemas,99750,66
7skteOnDbwZ3ZvjSe99xv2,0PCCGZ0wGLizHt2KZ7hhA2,i like the way you kiss me - southstar remix,Artemas,137986,66
7FKLbfLP8JK1MXKRrYx4Kd,0PCCGZ0wGLizHt2KZ7hhA2,i like the way you kiss me - burnt,Artemas,162406,62
5NQw9mvEfBYOEmfl0A2A0i,0PCCGZ0wGLizHt2KZ7hhA2,prettygrunge.wav,Artemas,119104,62
3iUDHA6FGAKfHX2jmgF0vO,0PCCGZ0wGLizHt2KZ7hhA2,i always kinda knew you’d be the death of me,Artemas,136099,61
79BvfNXgpx5GyUkNcmX3CB,0PCCGZ0wGLizHt2KZ7hhA2,You Were a Dream,Artemas,148053,60
7yUrBn4yvBBfwXXfHTE2Wd,3HBxYEtI2i43MzWyTXupVv,Nothing,A,223266,41
0paXgP0kG4CBHo79tp5R6a,3HBxYEtI2i43MzWyTXupVv,Starbucks,A,198333,27
6nG1UtX5WxcLHSnIg9xI88,3HBxYEtI2i43MzWyTXupVv,Something's Going On,A,178133,26
6rZb06FrqX7qEdbroReU8p,3HBxYEtI2i43MzWyTXupVv,Here We Go Again (I Love Lake Tahoe),A,237000,20
1s80c9H07guNdOKhCJFM0d,3HBxYEtI2i43MzWyTXupVv,The Distance,A,217533,17
28ILcPdbSn073hWNClqeBb,3HBxYEtI2i43MzWyTXupVv,Old Folks,A,235200,15
1DWvF41ZMbpC0U89mEPlRc,3HBxYEtI2i43MzWyTXupVv,Six O' Clock on A Tube Stop,A,194160,14
4ie8z3Lyo6yTDxwA2lSUFR,3HBxYEtI2i43MzWyTXupVv,Pacific Ocean Blue,A,207706,14
6WHpVfkRAAlryiPBtdaS1B,3HBxYEtI2i43MzWyTXupVv,Monkey Kong,A,225773,12
46CYn9i2yOtApR56O38Jlb,3HBxYEtI2i43MzWyTXupVv,Going Down,A,249840,12
0nrRP2bk19rLc0orkWPQk2,1vCWHaC5f2uS3yhpwWbIA6,Wake Me Up,Avicii,247426,84
0ct6r3EGTcMLPtrXHDvVjc,1vCWHaC5f2uS3yhpwWbIA6,The Nights,Avicii,176658,83
2P4OICZRVAQcYAV2JReRfj,1vCWHaC5f2uS3yhpwWbIA6,Waiting For Love,Avicii,230613,78
5UqCQaDshqbIk3pkhy4Pjg,1vCWHaC5f2uS3yhpwWbIA6,Levels - Radio Edit,Avicii,199906,78
4lhqb6JvbHId48OUJGwymk,1vCWHaC5f2uS3yhpwWbIA6,Hey Brother,Avicii,255093,76
6Pgkp4qUoTmJIPn7ReaGxL,1vCWHaC5f2uS3yhpwWbIA6,Without You (feat. Sandro Cavazza),Avicii,181672,76
4eDYMhIin1pSLIG96f1aD0,1vCWHaC5f2uS3yhpwWbIA6,Addicted To You,Avicii,148386,72
591nHHHzZl1NLt9PMKpinM,1vCWHaC5f2uS3yhpwWbIA6,I Could Be The One (Avicii Vs. Nicky Romero) - Radio Edit,Avicii,208320,61
2x0RZdkZcD8QRI53XT4GI5,1vCWHaC5f2uS3yhpwWbIA6,SOS (feat. Aloe Blacc),Avicii,157202,69
75NhhYjHO43mvZgYtnXgti,1vCWHaC5f2uS3yhpwWbIA6,Lonely Together (feat. Rita Ora),Avicii,181812,68
5o0osRx8kYJTOqlOSggr9Z,0fTSzq9jAh4c36UVb4V7CB,Carry You Home,Alex Warren,166880,72
0ydx75YiFzLjjQknKFNFwt,0fTSzq9jAh4c36UVb4V7CB,Burning Down,Alex Warren,179437,73
2XxpxQ1PeQhPMVikjKnmJy,0fTSzq9jAh4c36UVb4V7CB,Before You Leave Me,Alex Warren,176178,67
3AeqFxtLidWu1awXIErzcO,0fTSzq9jAh4c36UVb4V7CB,Troubled Waters,Alex Warren,197775,66
7bJbmTldyULlwf701o7WKo,0fTSzq9jAh4c36UVb4V7CB,Save You a Seat,Alex Warren,197573,63
2OnXkCv6h8JeofTS4kX89z,0fTSzq9jAh4c36UVb4V7CB,Chasing Shadows,Alex Warren,164027,61
31WRmxCQdDxtY4KVt7a8FL,0fTSzq9jAh4c36UVb4V7CB,Catch My Breath,Alex Warren,192892,66
2yCte16wVT6slIJ2Tqm9ML,0fTSzq9jAh4c36UVb4V7CB,Carry You Home (feat. Ella Henderson),Alex Warren,166880,65
3PDFYhI75HLKmoyG5lmwjK,0fTSzq9jAh4c36UVb4V7CB,"You’ll Be Alright, Kid",Alex Warren,149446,65
6cAyCSDYsmtfJPNFTaHFwB,0fTSzq9jAh4c36UVb4V7CB,Yard Sale,Alex Warren,174196,57
1Cut6obncMjVfB4xt2PU1R,10FkbDQFjWJJBZQ7EEpt8Q,Darkseid,Â,248275,18
0DtdKAGqAioayLHL9rfHVh,10FkbDQFjWJJBZQ7EEpt8Q,C4SH,Â,255499,17
0STcYilgvwBZ8vnd5E46a2,10FkbDQFjWJJBZQ7EEpt8Q,Repent - VIP,Â,263314,8
0pnvLn1huezqZUqD1NeT61,10FkbDQFjWJJBZQ7EEpt8Q,Sacrifices Must Be Made,Â,520000,9
13dj4kUdWH4jF27F9qkG7T,10FkbDQFjWJJBZQ7EEpt8Q,Didn't I,Â,263314,4
3TMAKk97w9cVneAMg68pGo,10FkbDQFjWJJBZQ7EEpt8Q,Bring it Down - Reworked,Â,286896,4
77fOmXRHbDJJbIYjaFkcT5,10FkbDQFjWJJBZQ7EEpt8Q,Public Enemy,Â,221739,3
0syuCOjaY7nhKgyTWSE1uY,10FkbDQFjWJJBZQ7EEpt8Q,Rolling Fire - VIP,Â,267428,3
5uVewOtejVDEwUf4SuJn0t,10FkbDQFjWJJBZQ7EEpt8Q,Feel So High,Â,208327,3
7DieEwkNsYNF6FNk0jAYdl,10FkbDQFjWJJBZQ7EEpt8Q,Back In The Day,Â,333987,1
0tgVpDi06FyKpA1z0VMD4v,6eUKZXaKkcviH0Ku9w2n3V,Perfect,Ed Sheeran,263400,85
7qiZfU4dY1lWllzX7mPBI3,6eUKZXaKkcviH0Ku9w2n3V,Shape of You,Ed Sheeran,233712,85
6fxVffaTuwjgEk5h9QyRjy,6eUKZXaKkcviH0Ku9w2n3V,Photograph,Ed Sheeran,258986,67
50nfwKoDiSYg8zOCREWAm5,6eUKZXaKkcviH0Ku9w2n3V,Shivers,Ed Sheeran,207853,82
1Slwb6dOYkBlWal1PGtnNg,6eUKZXaKkcviH0Ku9w2n3V,Thinking out Loud,Ed Sheeran,281560,63
0hVXuCcriWRGvwMV1r5Yn9,6eUKZXaKkcviH0Ku9w2n3V,I Don't Care (with Justin Bieber),Ed Sheeran,219946,78
3rmo8F54jFF8OgYsqTxm5d,6eUKZXaKkcviH0Ku9w2n3V,Bad Habits,Ed Sheeran,230746,79
6PCUP3dWmTjcTtXY02oFdT,6eUKZXaKkcviH0Ku9w2n3V,Castle on the Hill,Ed Sheeran,261153,79
0afhq8XCExXpqazXczTSve,6eUKZXaKkcviH0Ku9w2n3V,Galway Girl,Ed Sheeran,170826,76
2DB4DdfCFMw1iaR6JaR03a,6eUKZXaKkcviH0Ku9w2n3V,Bam Bam (feat. Ed Sheeran),Ed Sheeran,206070,70
2cAINrpYiy2zEb6g8PP9ep,6oxx7e9b265qJCMCdhHUl6,Gånglåt i femtakt,Å,474760,7
5fre4a3ZoWxLaRVMtWckYo,6oxx7e9b265qJCMCdhHUl6,Joelbitar,Å,493172,2
4jRVjEBpuQxOHKEabCDrVQ,6oxx7e9b265qJCMCdhHUl6,Änglarna dansar,Å,334504,1
6ISSck8yxzJ3QRabD5TitB,6oxx7e9b265qJCMCdhHUl6,Transversala varelser,Å,359826,1
1nVgefXfBPSiu6Oou6QEln,6oxx7e9b265qJCMCdhHUl6,Uti vår hage,Å,168320,1
0mBNqMvfD68IT4wjIBhmZb,6oxx7e9b265qJCMCdhHUl6,Fredmans epistel 9,Å,326773,0
2TYsCl4bUA8cCzP6QGQ5yd,6oxx7e9b265qJCMCdhHUl6,Soluppgung,Å,382943,0
3h64FMJ96kLJTn2RkxVEAD,6oxx7e9b265qJCMCdhHUl6,Du fria,Å,329603,0
6jmlD4OZfEPDfmmCv1CDbJ,6oxx7e9b265qJCMCdhHUl6,Uttryck,Å,707160,0
0SOkfOm6lzvXl1oJw3PELN,6oxx7e9b265qJCMCdhHUl6,Hijazz,Å,169145,0
5anCkDvJ17aznvK5TED5uo,0nmQIMXWTXfhgOBdNzhGOs,Hail to the King,Avenged Sevenfold,305906,75
1BLfQ6dPXmuDrFmbdfW7Jl,0nmQIMXWTXfhgOBdNzhGOs,A Little Piece of Heaven,Avenged Sevenfold,480706,73
7zAt4tdL44D3VuzsvM0N8n,0nmQIMXWTXfhgOBdNzhGOs,Afterlife,Avenged Sevenfold,352426,71
4UEo1b0wWrtHMC8bVqPiH8,0nmQIMXWTXfhgOBdNzhGOs,Nightmare,Avenged Sevenfold,374453,70
2FML7gk7ac6quGFIjvkDb3,0nmQIMXWTXfhgOBdNzhGOs,Dear God,Avenged Sevenfold,393480,70
7Hr1Ignop7cymbE3FbOtXa,0nmQIMXWTXfhgOBdNzhGOs,So Far Away,Avenged Sevenfold,326813,64
3sHH7lklbfpcraDDvYnjo7,0nmQIMXWTXfhgOBdNzhGOs,Bat Country,Avenged Sevenfold,311813,69
7MOQrtXMNImAq5TrPZzC0w,0nmQIMXWTXfhgOBdNzhGOs,Gunslinger,Avenged Sevenfold,251533,68
1fQaoh3imrMunWVZh5kf90,0nmQIMXWTXfhgOBdNzhGOs,Shepherd of Fire,Avenged Sevenfold,323800,67
7HKRWMTErKh56EIBeFcmdf,0nmQIMXWTXfhgOBdNzhGOs,Seize the Day,Avenged Sevenfold,334066,67
0Hf4aIJpsN4Os2f0y0VqWl,1l7ZsJRRS8wlW3WfJfPfNS,Feel This Moment (feat. Christina Aguilera),Christina Aguilera,229506,78
11mwFrKvLXCbcVGNxffGyP,1l7ZsJRRS8wlW3WfJfPfNS,Genie In a Bottle,Christina Aguilera,217573,78
6Vc5wAMmXdKIAM7WUoEb7N,1l7ZsJRRS8wlW3WfJfPfNS,Say Something,Christina Aguilera,229400,68
0PSZ9G584Ve27GK6ThlY6P,1l7ZsJRRS8wlW3WfJfPfNS,Lady Marmalade - Single Edit,Christina Aguilera,267960,67
0tzixmHNQfE6S6SirSToxW,1l7ZsJRRS8wlW3WfJfPfNS,El Ultimo Adiós - Varios Artistas Version,Christina Aguilera,237466,69
3U7M2pRGnFk41lVf6bF2fH,1l7ZsJRRS8wlW3WfJfPfNS,What a Girl Wants - ft. Sabrina Carpenter - Live - Spotify Anniversaries Version,Christina Aguilera,235000,69
3TCauNPqFiniaYHBvEVoHG,1l7ZsJRRS8wlW3WfJfPfNS,Beautiful,Christina Aguilera,238560,67
7nXq1vaZiz7PdbfojpPjW5,1l7ZsJRRS8wlW3WfJfPfNS,Fighter,Christina Aguilera,245960,65
59ZTxQo8rBycIXPLUIKvE2,1l7ZsJRRS8wlW3WfJfPfNS,Dirrty (feat. Redman),Christina Aguilera,298853,65
4B1sb2YVO03sBmyR8bvzEB,1l7ZsJRRS8wlW3WfJfPfNS,Pero Me Acuerdo de Tí,Christina Aguilera,265733,64
5xEM5hIgJ1jjgcEBfpkt2F,0p4nmQO2msCgU4IF37Wi3j,Complicated,Avril Lavigne,244506,81
00Mb3DuaIH1kjrwOku9CGU,0p4nmQO2msCgU4IF37Wi3j,Sk8er Boi,Avril Lavigne,204000,77
1jlG3KJ3gdYmhfuySFfpO1,0p4nmQO2msCgU4IF37Wi3j,I'm with You,Avril Lavigne,223066,76
45hOioMDJktr86iKDHC8gr,0p4nmQO2msCgU4IF37Wi3j,Girlfriend,Avril Lavigne,216600,74
2z4U9d5OAA4YLNXoCgioxo,0p4nmQO2msCgU4IF37Wi3j,What the Hell,Avril Lavigne,220706,73
6sqNctd7MlJoKDOxPVCAvU,0p4nmQO2msCgU4IF37Wi3j,My Happy Ending,Avril Lavigne,242413,69
0qwcGscxUHGZTgq0zcaqk1,0p4nmQO2msCgU4IF37Wi3j,Here's to Never Growing Up,Avril Lavigne,214320,67
54JKnDB3CzVu8wNAOM27BI,0p4nmQO2msCgU4IF37Wi3j,When You're Gone,Avril Lavigne,240493,67
7CLZA5K0fklYClw6NUqxhM,0p4nmQO2msCgU4IF37Wi3j,Can You Die From a Broken Heart - feat. Avril Lavigne,Avril Lavigne,210026,53
5XHf9PBxxHmJFuiDkGNIOA,0p4nmQO2msCgU4IF37Wi3j,Wish You Were Here,Avril Lavigne,225760,65
61dYvvfIRtIDFuqZypPAta,5aIqB5nVVvmFsvSdExz408,"Cello Suite No. 1 in G Major, BWV 1007: I. Prélude",Johann Sebastian Bach,151733,63
4i8ly7ffzWu8nfKLI8SZFj,5aIqB5nVVvmFsvSdExz408,"The Well-Tempered Clavier, Book 1, BWV 846-869 / Prelude & Fugue in C Major, BWV 846: I. Prelude",Johann Sebastian Bach,139306,52
79PxV2pwMVtwEGC4LB0U8f,5aIqB5nVVvmFsvSdExz408,"Prelude in C Minor, BWV 999",Johann Sebastian Bach,68573,49
77HUTDAuTS95HZMXWEi3rq,5aIqB5nVVvmFsvSdExz408,"Prelude in D Minor, BWV 926",Johann Sebastian Bach,75533,48
6pt8oGfiwgidz03nGw1zTb,5aIqB5nVVvmFsvSdExz408,"Orchestral Suite No. 3 in D Major, BWV 1068: II. Air ""on the G String""",Johann Sebastian Bach,360493,54
5bu9A6uphPWg39RC3ZKeku,5aIqB5nVVvmFsvSdExz408,"Goldberg Variations, BWV 988: Aria",Johann Sebastian Bach,184853,61
0ALgjza7ZLOBOylkBLymHW,5aIqB5nVVvmFsvSdExz408,"Prelude in C Major, BWV 924: Praeambulum in C Major, BWV 924",Johann Sebastian Bach,67093,46
2tPsyBTKQmpKTIasJpNKzK,5aIqB5nVVvmFsvSdExz408,"Prelude in G Minor, BWV 930: Praeambulum in G Minor, BWV 930",Johann Sebastian Bach,87746,45
3kvBEbswxMAx6QKc10SCon,5aIqB5nVVvmFsvSdExz408,"Overture (Suite) No. 2 in B Minor, BWV 1067: VII. Badinerie",Johann Sebastian Bach,90106,59
2w2FzZKSwudBZjOsCei9Qz,5aIqB5nVVvmFsvSdExz408,"The Well-Tempered Clavier, Book 1: Prelude No. 1 in C Major, BWV 846/1",Johann Sebastian Bach,112226,57
3FAclTFfvUuQYnEsptbK8w,6Q192DXotxtaysaqNPy5yR,Back To Black,Amy Winehouse,241293,81
0DMRKqrpd0QO4RWiEdMib0,6Q192DXotxtaysaqNPy5yR,You Know I'm No Good,Amy Winehouse,257186,74
7MDfN1ldfTMtuXXdVz2Pzc,6Q192DXotxtaysaqNPy5yR,Tears Dry On Their Own,Amy Winehouse,186440,73
6nLvaCZFR1wEzW3sIKpsnr,6Q192DXotxtaysaqNPy5yR,"Valerie - Live At BBC Radio 1 Live Lounge, London / 2007",Amy Winehouse,233733,74
3N4DI1vuTSX1tz7fa2NQZw,6Q192DXotxtaysaqNPy5yR,Rehab,Amy Winehouse,214946,73
3uliGwmB52ZA7brgpZMzyH,6Q192DXotxtaysaqNPy5yR,Love Is A Losing Game,Amy Winehouse,155413,68
0RfzQhbvtn5lOaKdhpAni7,6Q192DXotxtaysaqNPy5yR,Me & Mr Jones,Amy Winehouse,153173,67
5LC7nItIEFp4nzdFdEGbf9,6Q192DXotxtaysaqNPy5yR,Stronger Than Me,Amy Winehouse,214493,68
3eVo0wD4kGwF3gshtecZso,6Q192DXotxtaysaqNPy5yR,He Can Only Hold Her,Amy Winehouse,166400,66
3ku4ScVEkZvurrcjmMrOAL,6Q192DXotxtaysaqNPy5yR,Fuck Me Pumps,Amy Winehouse,200600,51
6g6A7qNhTfUgOSH7ROOxTD,07YZf4WDAMNwqr4jfgOZ8y,Talk Dirty (feat. 2 Chainz),Jason Derulo,177685,66
7oGZAicScQt96OAW4AruYy,07YZf4WDAMNwqr4jfgOZ8y,Want to Want Me,Jason Derulo,207719,74
67T6l4q3zVjC5nZZPXByU8,07YZf4WDAMNwqr4jfgOZ8y,Whatcha Say,Jason Derulo,221253,65
6H0gZ1R4W9tIbb6HVvjNEe,07YZf4WDAMNwqr4jfgOZ8y,Acapulco,Jason Derulo,139672,68
58w5J5yNWeGZ7a4cM1rO7Y,07YZf4WDAMNwqr4jfgOZ8y,Swalla (feat. Nicki Minaj & Ty Dolla $ign),Jason Derulo,216408,64
3at4D3FZnJnYR0Mfcn6JSN,07YZf4WDAMNwqr4jfgOZ8y,Take You Dancing,Jason Derulo,190306,65
1xQ6trAsedVPCdbtDAmk0c,07YZf4WDAMNwqr4jfgOZ8y,Savage Love (Laxed - Siren Beat),Jason Derulo,171374,70
737gzPI5VAmgUGWiJ9yXuu,07YZf4WDAMNwqr4jfgOZ8y,"1, 2, 3 (feat. Jason Derulo & De La Ghetto)",Jason Derulo,201526,65
5BoIP8Eha5hwmRVURkC2Us,07YZf4WDAMNwqr4jfgOZ8y,In My Head,Jason Derulo,198960,60
5KONnBIQ9LqCxyeSPin26k,07YZf4WDAMNwqr4jfgOZ8y,Trumpets,Jason Derulo,217419,60
4rTPLtqJxa4UtCBkdMwSp6,4npEfmQ6YuiwW1GpUmaq3F,Whatever,Ava Max,178273,74
7DnAm9FOTWE3cUvso43HhI,4npEfmQ6YuiwW1GpUmaq3F,Sweet but Psycho,Ava Max,187436,80
7a53HqqArd4b9NF4XAmlbI,4npEfmQ6YuiwW1GpUmaq3F,Kings & Queens,Ava Max,162398,79
3j11iDncb7ZeDMw7lFucqM,4npEfmQ6YuiwW1GpUmaq3F,The Motto,Ava Max,164818,73
28VbwtsYnj85UEODGpQRem,4npEfmQ6YuiwW1GpUmaq3F,"Alone, Pt. II",Ava Max,179052,71
00E0Z2jrF7reoHps4zcbWQ,4npEfmQ6YuiwW1GpUmaq3F,Car Keys (Ayla),Ava Max,147211,71
1KixkQVDUHggZMU9dUobgm,4npEfmQ6YuiwW1GpUmaq3F,My Head & My Heart,Ava Max,174760,71
0b11D9D0hMOYCIMN3OKreM,4npEfmQ6YuiwW1GpUmaq3F,Into Your Arms (feat. Ava Max),Ava Max,186022,70
1svpo8ORIHy4BdgicdyUjx,4npEfmQ6YuiwW1GpUmaq3F,Spot a Fake,Ava Max,167621,70
377uEWjxVKksQDlwDqaIfx,4npEfmQ6YuiwW1GpUmaq3F,My Oh My,Ava Max,156155,69
179TZwPk0txEvjkraVTVKo,5xYNmNkaWRqu3e5F4UXME8,El Precio De La Soledad,Alfredo Olivas,186360,77
1GtIK8iINes4gNt06F60NU,5xYNmNkaWRqu3e5F4UXME8,Vete,Alfredo Olivas,185240,77
2UAE43Y8K321CDAbnIXDD0,5xYNmNkaWRqu3e5F4UXME8,Tengo Claro,Alfredo Olivas,191681,75
2Nk3gXgekore0lfB7PCnub,5xYNmNkaWRqu3e5F4UXME8,El Paciente,Alfredo Olivas,211266,75
71V6u8mPSydvEokO7XYqG6,5xYNmNkaWRqu3e5F4UXME8,El Vals Del Olvido,Alfredo Olivas,209266,75
2fQrrBtuNVMWOHqLyk4EfO,5xYNmNkaWRqu3e5F4UXME8,Yo Todo Lo Doy,Alfredo Olivas,202453,73
6CRRlfXDdhsL6vih3J5xco,5xYNmNkaWRqu3e5F4UXME8,En Definitiva,Alfredo Olivas,216266,73
2QrU43HoJRNBrbo2XLI9DS,5xYNmNkaWRqu3e5F4UXME8,No,Alfredo Olivas,187240,71
4SHTLje9c6RLnx6kOPt9L6,5xYNmNkaWRqu3e5F4UXME8,El Sillón,Alfredo Olivas,199293,70
32MQwnY0WUaNVT7i4W9d9F,5xYNmNkaWRqu3e5F4UXME8,El Malo De Culiacán,Alfredo Olivas,215640,69
698ItKASDavgwZ3WjaWjtz,7vk5e3vY1uw9plTHJAMwjN,Faded,Alan Walker,212106,80
3BomnHfqKZCdPJC9bkGBjE,7vk5e3vY1uw9plTHJAMwjN,On My Way,Alan Walker,193959,69
28VbwtsYnj85UEODGpQRem,7vk5e3vY1uw9plTHJAMwjN,"Alone, Pt. II",Alan Walker,179052,71
3LlmKSHR3Rs0Y3KHQLAYDk,7vk5e3vY1uw9plTHJAMwjN,Alone,Alan Walker,160426,73
1P7hMSbpJOQy58eC78qx7s,7vk5e3vY1uw9plTHJAMwjN,"Better Off (Alone, Pt. III)",Alan Walker,151702,60
3abKAw6reL2U3vhAe98ZsY,7vk5e3vY1uw9plTHJAMwjN,Issues - Alan Walker Remix,Alan Walker,181000,56
6SRWhUJcD2YKahCwHavz3X,7vk5e3vY1uw9plTHJAMwjN,Darkside,Alan Walker,211680,71
2DGa7iaidT5s0qnINlwMjJ,7vk5e3vY1uw9plTHJAMwjN,The Spectre,Alan Walker,193787,71
2GE3k8I0Sbh0puCjI15KGy,7vk5e3vY1uw9plTHJAMwjN,Barcelona,Alan Walker,205086,70
0lks2Kt9veMOFEAPN0fsqN,7vk5e3vY1uw9plTHJAMwjN,Lily,Alan Walker,195840,70
4PwWESSlTwzvw9B7bmtTLS,4aKWmkWAKviFlyvHYPTNQY,anything,Adrianne Lenker,202047,77
11hEwcy9LMEvzAlOYAFhkK,4aKWmkWAKviFlyvHYPTNQY,"not a lot, just forever",Adrianne Lenker,250198,75
1i8dJGpKO0xQiKGCVslJqB,4aKWmkWAKviFlyvHYPTNQY,half return,Adrianne Lenker,128700,73
6PBanBy8L1K2Ry4UN186XH,4aKWmkWAKviFlyvHYPTNQY,forwards beckon rebound,Adrianne Lenker,189464,73
5CpH0bwau1sW8vtTBQ8Erc,4aKWmkWAKviFlyvHYPTNQY,ingydar,Adrianne Lenker,248386,64
1Pfc1Qpj0s9vQumI0JvpBp,4aKWmkWAKviFlyvHYPTNQY,Jonathan,Adrianne Lenker,128853,62
4yVrfsUNtc5RS7nbOv8hHA,4aKWmkWAKviFlyvHYPTNQY,Indiana,Adrianne Lenker,157440,59
3v2OxIsGWJXWfLuRkB59Q6,4aKWmkWAKviFlyvHYPTNQY,zombie girl,Adrianne Lenker,164224,58
1UpXhetX1s5OXTY5fRjWvu,4aKWmkWAKviFlyvHYPTNQY,Sadness As A Gift,Adrianne Lenker,259015,55
4GHHloVSspowQJMBsJ6r37,4aKWmkWAKviFlyvHYPTNQY,two reverse,Adrianne Lenker,213322,57
2qxmye6gAegTMjLKEBoR3d,5IH6FPUwQTxPSXurCrcIov,Let Me Down Slowly,Alec Benjamin,169353,82
7pT6WSg4PCt4mr5ZFyUfsF,5IH6FPUwQTxPSXurCrcIov,If We Have Each Other,Alec Benjamin,181522,75
4IhKLu7Vk3j2TLmnFPl6To,5IH6FPUwQTxPSXurCrcIov,Water Fountain,Alec Benjamin,218893,71
1zu2GKHPJIsUu80SUJX4H4,5IH6FPUwQTxPSXurCrcIov,Devil Doesn’t Bargain,Alec Benjamin,163613,69
0WHi11uzahqpEtPGYCW6oQ,5IH6FPUwQTxPSXurCrcIov,If I Killed Someone For You,Alec Benjamin,185122,68
60cYr5uuMoxvyuIx45rGEW,5IH6FPUwQTxPSXurCrcIov,Boy In The Bubble,Alec Benjamin,181705,66
6HHsU2AtvpnqmrItTEl0VX,5IH6FPUwQTxPSXurCrcIov,I Sent My Therapist To Therapy,Alec Benjamin,180923,63
1roCmBlcpV7LzsmB7pmCyt,5IH6FPUwQTxPSXurCrcIov,Let Me Down Slowly (feat. Alessia Cara),Alec Benjamin,169174,63
3jrb2KoLLedLQs73uQpb8v,5IH6FPUwQTxPSXurCrcIov,Different Kind Of Beautiful,Alec Benjamin,201007,61
2W0AJEbIC2vdZTV2nVSAsg,5IH6FPUwQTxPSXurCrcIov,Outrunning Karma,Alec Benjamin,188850,62
5rb9QrpfcKFHM1EUbSIurX,23zg3TcAtWQy7J6upgbUnj,Yeah! (feat. Lil Jon & Ludacris),USHER,250373,84
4356Typ82hUiFAynbLYbPn,23zg3TcAtWQy7J6upgbUnj,DJ Got Us Fallin' In Love (feat. Pitbull),USHER,220800,82
68vgtRHr7iZHpzGpon6Jlo,23zg3TcAtWQy7J6upgbUnj,My Boo,USHER,223440,80
030OCtLMrljNhp8OWHBWW3,23zg3TcAtWQy7J6upgbUnj,Hey Daddy (Daddy's Home),USHER,224093,77
5j0McHPthKpOXRr3fBq8M0,23zg3TcAtWQy7J6upgbUnj,Love in This Club (feat. Young Jeezy),USHER,259720,74
0VPFT123HKoQ2J6ipeDcI1,23zg3TcAtWQy7J6upgbUnj,Standing Next to You (USHER Remix),USHER,214760,70
7J41dYQolQJEtj3UmKLu5r,23zg3TcAtWQy7J6upgbUnj,U Got It Bad,USHER,247840,71
1bM50INir8voAkVoKuvEUI,23zg3TcAtWQy7J6upgbUnj,OMG (feat. will.i.am),USHER,269493,68
7z3N2W7Xz1t2G2sAO8wFVH,23zg3TcAtWQy7J6upgbUnj,Burn,USHER,231933,71
2QsZVnbWVSjKMXK6K3uRBL,23zg3TcAtWQy7J6upgbUnj,U Remind Me,USHER,266893,70
3GXSywNvYLAVUCtjMHkKDh,0eVyjRhzZKke2KFYTcDkeu,E. Coli (feat. Earl Sweatshirt),The Alchemist,132147,69
47FkzJm1bUaIc0OaGZvslL,0eVyjRhzZKke2KFYTcDkeu,Great Adventures,The Alchemist,107253,68
5467KZaTToEB680WvOd9w5,0eVyjRhzZKke2KFYTcDkeu,Ocean Prime (feat. Boldy James),The Alchemist,99906,68
1p1b9LdLJ0REuFJX9mYtFX,0eVyjRhzZKke2KFYTcDkeu,1985,The Alchemist,152546,62
5psl7bZImUdYdKfajE2r2v,0eVyjRhzZKke2KFYTcDkeu,6 Five Heartbeats (feat. Vince Staples),The Alchemist,114092,61
67eqrRkxp2ED26CEqvqbDv,0eVyjRhzZKke2KFYTcDkeu,I Hate Everything (feat. Action Bronson),The Alchemist,82133,60
2Z5MbKovyels3EXitye0eo,0eVyjRhzZKke2KFYTcDkeu,Loose Change (feat. Earl Sweatshirt),The Alchemist,118398,60
5OkYfk72CNL8XLqa3gp9q7,0eVyjRhzZKke2KFYTcDkeu,"Something to Rap About (feat. Tyler, The Creator)",The Alchemist,282560,60
0bGSG8PrGghhb1HwjsD3K3,0eVyjRhzZKke2KFYTcDkeu,Together Forever (feat. The Alchemist) [bonus],The Alchemist,181910,53
6ELl4Rhgv6oqSbqWIomjs3,0eVyjRhzZKke2KFYTcDkeu,Summer Reign (feat. Ty Dolla $ign),The Alchemist,175626,58
1xsYj84j7hUDDnTTerGWlH,7Ey4PD4MYsKc5I2dolUwbH,Dream On,Aerosmith,267596,80
5qlJg0Wbj3sslxfwiaRNpq,7Ey4PD4MYsKc5I2dolUwbH,"I Don't Want To Miss A Thing - From ""Armageddon"" Soundtrack",Aerosmith,299723,74
73TxYZd0lBCVRrHawrAglA,7Ey4PD4MYsKc5I2dolUwbH,Sweet Emotion,Aerosmith,274088,73
4JfuiOWlWCkjP6OKurHjSn,7Ey4PD4MYsKc5I2dolUwbH,Walk This Way,Aerosmith,220310,73
3QxKpdTB8ZSFn8MGeCCpsQ,7Ey4PD4MYsKc5I2dolUwbH,Crazy,Aerosmith,316826,72
4t1fWWJQs5V9YErfsrDslC,7Ey4PD4MYsKc5I2dolUwbH,Cryin',Aerosmith,308560,69
6gQUbFwwdYXlKdmqRoWKJe,7Ey4PD4MYsKc5I2dolUwbH,Dude (Looks Like A Lady),Aerosmith,265773,66
60a5c4dDARPsksClcom0OD,7Ey4PD4MYsKc5I2dolUwbH,Amazing,Aerosmith,355915,63
0Xl2pAlIRE6ANULPdEI7fx,7Ey4PD4MYsKc5I2dolUwbH,Pink,Aerosmith,235473,61
3kfXUGIdBNpyr2gBvU3Guj,7Ey4PD4MYsKc5I2dolUwbH,Angel,Aerosmith,308906,60
0c82YIGpQ5dCaXpTNCk4sb,7FNnA9vBm6EKceENgCGRMb,Alegría,Anitta,165054,74
5Fohh8kl8403DSoq4KH7Ll,7FNnA9vBm6EKceENgCGRMb,BELLAKEO,Anitta,197333,71
3Ga6eKrUFf12ouh9Yw3v2D,7FNnA9vBm6EKceENgCGRMb,Downtown,Anitta,193456,77
0JGTfiC4Z41GEEpMYLbWwO,7FNnA9vBm6EKceENgCGRMb,Gata Only (Remix),Anitta,230513,74
3FkeNbs9Zeiqkr3WkbOiGp,7FNnA9vBm6EKceENgCGRMb,Envolver,Anitta,193805,68
5u2EjRHBYRLFvfMXpBAewy,7FNnA9vBm6EKceENgCGRMb,Mi Amor (with JVKE & Anitta),Anitta,139428,68
20ZO70SJcYpRHdWITiCB9Q,7FNnA9vBm6EKceENgCGRMb,Joga Pra Lua,Anitta,125108,64
6uTPA1xlcsk6dbchB2dhzl,7FNnA9vBm6EKceENgCGRMb,Back for More (with Anitta),Anitta,131037,67
1oX1IJ6sHRiYpkwdbtfAiV,7FNnA9vBm6EKceENgCGRMb,"Alibi Pt. 2 (with Anitta, Pabllo Vittar & Yseult)",Anitta,176771,49
5ZfMBw3QdSMAHSEDa8FoA0,7FNnA9vBm6EKceENgCGRMb,Savage Funk,Anitta,83267,65
7kofJygFUxxmag4EAYcCG3,5bSfBBCxY8QAk4Pifveisz,El Final De Nuestra Historia,La Arrolladora Banda El Limón De Rene Camacho,197280,62
64my6WOkrygcpXKMLxxpi9,5bSfBBCxY8QAk4Pifveisz,Ya Es Muy Tarde,La Arrolladora Banda El Limón De Rene Camacho,181160,73
0KHDthR0XvPoeJaqBc7Sg5,5bSfBBCxY8QAk4Pifveisz,Ya Te Perdí La Fe,La Arrolladora Banda El Limón De Rene Camacho,147053,72
6Z7f0BXDLI8k4CHR9KJdAD,5bSfBBCxY8QAk4Pifveisz,Mi Segunda Vida,La Arrolladora Banda El Limón De Rene Camacho,187640,72
3VhupipSGvOXrNrNvUwhs1,5bSfBBCxY8QAk4Pifveisz,El Ruido De Tus Zapatos,La Arrolladora Banda El Limón De Rene Camacho,265880,71
3IyUWwRHrMYHNdatyRcCEr,5bSfBBCxY8QAk4Pifveisz,Te Estaré Esperando,La Arrolladora Banda El Limón De Rene Camacho,244106,68
4BU4gDeAJ2BTLWqCs9SRU4,5bSfBBCxY8QAk4Pifveisz,Si Tu Amor No Vuelve,La Arrolladora Banda El Limón De Rene Camacho,247600,69
404MXA5pRTh93BrxPeGrQp,5bSfBBCxY8QAk4Pifveisz,De Ti Exclusivo,La Arrolladora Banda El Limón De Rene Camacho,196360,54
7uL1ZsdxI8l4sgEsgCmTlG,5bSfBBCxY8QAk4Pifveisz,Entre Beso Y Beso,La Arrolladora Banda El Limón De Rene Camacho,182306,68
09aZzS1QTGtrBx4Ys0xIRr,5bSfBBCxY8QAk4Pifveisz,Secretos De Mi Memoria,La Arrolladora Banda El Limón De Rene Camacho,247373,66
5oady7OSE7dH7LHiqmb3Cr,5dHt1vcEm9qb8fCyLcB3HL,"Dreams, Fairytales, Fantasies (feat. Brent Faiyaz & Salaam Remi)",A$AP Ferg,222986,78
2TmS5wJTfWrpFgakSSTdCi,5dHt1vcEm9qb8fCyLcB3HL,HOT ONE (with TiaCorine & A$AP Ferg),A$AP Ferg,165280,67
4dVpf9jZjcORqGTLUaeYj9,5dHt1vcEm9qb8fCyLcB3HL,Plain Jane,A$AP Ferg,173600,69
2YzmfPLqUx5CJOaw5ThsBV,5dHt1vcEm9qb8fCyLcB3HL,Plain Jane REMIX (feat. Nicki Minaj),A$AP Ferg,202636,66
2ReP8wMRWXJIF91TZ9CjZZ,5dHt1vcEm9qb8fCyLcB3HL,Allure (feat. Future & Mike WiLL Made-It),A$AP Ferg,189836,63
7xVLFuuYdAvcTfcP3IG3dS,5dHt1vcEm9qb8fCyLcB3HL,"Work REMIX (feat. A$AP Rocky, French Montana, Trinidad James & ScHoolboy Q)",A$AP Ferg,283693,63
5Xb9LkVG98JiLorzV9O56r,5dHt1vcEm9qb8fCyLcB3HL,SILVER TOOTH. (with A$AP Ferg),A$AP Ferg,142560,61
25rc1PFgPvtV6GFSloyOI0,5dHt1vcEm9qb8fCyLcB3HL,New Level (feat. Future),A$AP Ferg,264973,54
7eaKWfov7b2Qa2n6HTesL3,5dHt1vcEm9qb8fCyLcB3HL,Shabba (feat. A$AP Rocky),A$AP Ferg,275866,59
23dwrzeJtEEGl2U4CPWSor,5dHt1vcEm9qb8fCyLcB3HL,"Runnin (with A$AP Rocky, A$AP Ferg & Nicki Minaj)",A$AP Ferg,131674,58
1bxzr3JK05fMTcweGAZUHp,4zCH9qm4R2DADamUHMCa6O,"Chuttamalle (From ""Devara Part 1"")",Anirudh Ravichander,222063,80
7KB0zREYCrQU3refE5x0M3,4zCH9qm4R2DADamUHMCa6O,"Manasilaayo (From ""Vettaiyan"")",Anirudh Ravichander,235629,78
3xMHXmedL5Rvfxmiar9Ryv,4zCH9qm4R2DADamUHMCa6O,Chaleya,Anirudh Ravichander,200373,73
6b2WJDzGt5X8dYfpkWtvXW,4zCH9qm4R2DADamUHMCa6O,"Fear Song (From ""Devara Part 1"") [Telugu]",Anirudh Ravichander,195064,73
6RUA84fCWd7hqtmofzU6l3,4zCH9qm4R2DADamUHMCa6O,"Daavudi (From ""Devara Part 1"")",Anirudh Ravichander,229188,71
3h9UdkxpoUQxNqS8IeTC4Z,4zCH9qm4R2DADamUHMCa6O,"Hunter Vantaar (From ""Vettaiyan"")",Anirudh Ravichander,192631,70
5DgY6Ab0vpyUMKnY9ubFOF,4zCH9qm4R2DADamUHMCa6O,Hukum - Thalaivar Alappara,Anirudh Ravichander,207647,64
5Pqv6e52EWyqxeNyFYqDni,4zCH9qm4R2DADamUHMCa6O,Ayudha Pooja [TELUGU],Anirudh Ravichander,174088,70
13ZISM2bmrMBCRlMzl669x,4zCH9qm4R2DADamUHMCa6O,Naa Ready,Anirudh Ravichander,248181,59
6EB454nVg2u6sbeCvWAPej,4zCH9qm4R2DADamUHMCa6O,"Yaanji - From ""Vikram Vedha""",Anirudh Ravichander,270375,68
02H58MSfVESkKyx4diDgu7,2auC28zjQyVTsiZKNgPRGs,LOST!,RM,233013,78
1AZjCZSGEjlxUufFQwSszF,2auC28zjQyVTsiZKNgPRGs,Wild Flower (with youjeen),RM,273499,72
62HKW77nt6tudsIHXT2A0M,2auC28zjQyVTsiZKNgPRGs,Come back to me,RM,388960,69
2sR1e5YFAvXVN6EiIwR2is,2auC28zjQyVTsiZKNgPRGs,Nuts,RM,194666,66
59KQAhHozpW5Tl6CbS1nMH,2auC28zjQyVTsiZKNgPRGs,ㅠㅠ (Credit Roll),RM,74080,65
4kBr5XX61vLb4tejJajOT8,2auC28zjQyVTsiZKNgPRGs,Groin,RM,190880,64
3p4N6mBFv42M8dI8SUoPre,2auC28zjQyVTsiZKNgPRGs,Still Life (with Anderson .Paak),RM,175328,64
2ftb45L7iXYwp0WoTEuslG,2auC28zjQyVTsiZKNgPRGs,"Right People, Wrong Place",RM,117000,63
4MQBnk52HKbl59BX497xhM,2auC28zjQyVTsiZKNgPRGs,Domodachi (feat. Little Simz),RM,184973,63
1B9HE8h6ZnljGk0LZ2H30D,2auC28zjQyVTsiZKNgPRGs,Heaven,RM,194613,62
5p3xMIHQ6YoAIaSgZeOkNa,4NJhFmfw43RLBLjQvxDuRS,"Requiem in D Minor, K. 626: Sequence: VI. Lacrimosa dies illa",Wolfgang Amadeus Mozart,199840,59
0iGDZom5WctL4eSQogMhMp,4NJhFmfw43RLBLjQvxDuRS,"Piano Sonata No. 16 in C Major, K. 545 ""Sonata facile"": I. Allegro",Wolfgang Amadeus Mozart,291666,55
2ymiJPCDEknHRbIzEze0Dd,4NJhFmfw43RLBLjQvxDuRS,"Piano Concerto No. 21 in C Major, K. 467: II. Andante",Wolfgang Amadeus Mozart,433666,59
0XkcuWNLacWDwEDmvq4CCy,4NJhFmfw43RLBLjQvxDuRS,"Serenade in B-Flat Major, K. 361 ""Gran Partita"": III. Adagio",Wolfgang Amadeus Mozart,330000,58
1O0XZAJf8fIN7wRgXffL0P,4NJhFmfw43RLBLjQvxDuRS,"Mozart: Fantasia in D Minor, K. 397",Wolfgang Amadeus Mozart,319973,51
64ta7ZvTJeThz7Ns4LmAHS,4NJhFmfw43RLBLjQvxDuRS,"Symphony No. 25 in G Minor, K. 183: I. Allegro con brio",Wolfgang Amadeus Mozart,460026,58
3oHSL6pt9LpNrQZuQGu9wL,4NJhFmfw43RLBLjQvxDuRS,"Requiem, K. 626: Lacrimosa",Wolfgang Amadeus Mozart,169666,58
3DYxUyNeBa9MbT867F9gMO,4NJhFmfw43RLBLjQvxDuRS,"Ave verum corpus, K.618 (Arr. for Piano by Franz Liszt)",Wolfgang Amadeus Mozart,195000,57
2vBuaUzWANdghLfM1nF0Yw,4NJhFmfw43RLBLjQvxDuRS,"Adagio in E Major, K. 261",Wolfgang Amadeus Mozart,517360,56
7hwxCWVViL2y4YyLyDCeof,4NJhFmfw43RLBLjQvxDuRS,"Mozart: Clarinet Concerto in A Major, K. 622: II. Adagio",Wolfgang Amadeus Mozart,394560,49
7cLnbmx7ZUWAwyocrKz3wL,2rwALQ1SXdfUWPUd6WOfYS,Let Go,Aaron May,176531,76
3RKLJPyyMZfwebsePAzqjL,2rwALQ1SXdfUWPUd6WOfYS,"I'm Good Luv, Enjoy.",Aaron May,134547,75
4O89rUWrGgWYKaHJUOp314,2rwALQ1SXdfUWPUd6WOfYS,Cream,Aaron May,113555,67
4QEks3yeZVdjNV1zTqxp1F,2rwALQ1SXdfUWPUd6WOfYS,Ride,Aaron May,190605,65
3nKrgkNMJGqBQT0QP9rArg,2rwALQ1SXdfUWPUd6WOfYS,No Recognition,Aaron May,147441,64
6dPjRptilDo0E3dLWm88QC,2rwALQ1SXdfUWPUd6WOfYS,Make It,Aaron May,77374,62
4Sp4AgLbWeqddzY7DNhJFv,2rwALQ1SXdfUWPUd6WOfYS,In Love,Aaron May,232510,61
3hq6IKV83bw3XXZ2jvYEew,2rwALQ1SXdfUWPUd6WOfYS,Chains,Aaron May,150278,61
7n6hs80v9v1HEfKsD9Y0Na,2rwALQ1SXdfUWPUd6WOfYS,Dreams,Aaron May,162213,58
1GxrIp0u9VifE7K7Wbcwiq,2rwALQ1SXdfUWPUd6WOfYS,HIDDEN VOICES,Aaron May,150928,57
3MBJxg2sT7CAdqYcdU8C5K,4AVFqumd2ogHFlRbKIjp1t,I Like It (with Nate Smith),Alesso,152349,77
4J7CKHCF3mdL4diUsmW8lq,4AVFqumd2ogHFlRbKIjp1t,Under Control (feat. Hurts),Alesso,184280,77
7K1BLb6MpvKuGEPpHw35mO,4AVFqumd2ogHFlRbKIjp1t,Never Going Home Tonight (feat. Madison Love),Alesso,164285,76
1bgKMxPQU7JIZEhNsM1vFs,4AVFqumd2ogHFlRbKIjp1t,Words (feat. Zara Larsson),Alesso,142677,75
3zU9rdflI65tK4dkkNSp77,4AVFqumd2ogHFlRbKIjp1t,Heroes (we could be),Alesso,210013,70
5Gu0PDLN4YJeW75PpBSg9p,4AVFqumd2ogHFlRbKIjp1t,"Let Me Go (with Alesso, Florida Georgia Line & watt)",Alesso,174800,70
1hZk9dktp4yRFTm0TrycuH,4AVFqumd2ogHFlRbKIjp1t,If I Lose Myself - Alesso vs OneRepublic,Alesso,214813,59
5902W4uHWzhtOff1UK7the,4AVFqumd2ogHFlRbKIjp1t,When I’m Gone (with Katy Perry),Alesso,161266,66
6LNjIsgHNs4q75uPt4rYf6,4AVFqumd2ogHFlRbKIjp1t,Calling (Lose My Mind) - Radio Edit,Alesso,205440,55
6jreFSOTUAViWjKyzOC4Kg,4AVFqumd2ogHFlRbKIjp1t,REMEDY,Alesso,190295,60
6a9Z1jUms915w4O7N1PxjY,3ZpEKRjHaHANcpk10u6Ntq,Santa,Ayra Starr,193038,83
1xs8bOvm3IzEYmcLJVOc34,3ZpEKRjHaHANcpk10u6Ntq,Rush,Ayra Starr,185093,70
4nmIcNQjEGez4zeJfm5I1F,3ZpEKRjHaHANcpk10u6Ntq,GOOD FEELiNGS,Ayra Starr,217380,59
1A1ifX8sWzelNpkL5PxcHT,3ZpEKRjHaHANcpk10u6Ntq,Last Heartbreak Song (feat. Giveon),Ayra Starr,149677,72
4GXW3Ne1jzdORKHvHjK31V,3ZpEKRjHaHANcpk10u6Ntq,Commas,Ayra Starr,157089,72
6VX4hVDmDMfClxp6EwDNQP,3ZpEKRjHaHANcpk10u6Ntq,Bad Vibes (feat. Seyi Vibez),Ayra Starr,168406,65
4AxG1T6UJJ4xCX4Wz6JDLG,3ZpEKRjHaHANcpk10u6Ntq,People (feat. Ayra Starr & Omah Lay),Ayra Starr,184633,68
3lZ6QxJ6LH8HGWov58drvj,3ZpEKRjHaHANcpk10u6Ntq,Bora Bora (feat. Ayra Starr),Ayra Starr,155294,64
5mhM7bfzv52bzfCzlq8vH1,3ZpEKRjHaHANcpk10u6Ntq,Ngozi,Ayra Starr,221217,65
1kqBTGpxaC5kGz3rPlr1TF,3ZpEKRjHaHANcpk10u6Ntq,PINACOLADA,Ayra Starr,177847,64
2ONFXUvzJCmmJaEdxlsMxw,5FnG9lLegyiFtLtZG2XLQ4,ВСПОМНИ,Ã,148761,0
3VHD84tIdyxRTtRc167YSR,68KmkJeZGfwe1OUaivBa2L,WORK,ATEEZ,172381,72
5KyOUICJIvO0z71MBdPGiX,68KmkJeZGfwe1OUaivBa2L,BOUNCY (K-HOT CHILLI PEPPERS),ATEEZ,187310,68
2KoeSRTm9cRulYnkaEyUaP,68KmkJeZGfwe1OUaivBa2L,Crazy Form,ATEEZ,198365,67
5cTnKClHyczcUhFT8MKBZe,68KmkJeZGfwe1OUaivBa2L,HALAZIA,ATEEZ,197025,64
0tYZo2UhV1lrUez5CA0Iyw,68KmkJeZGfwe1OUaivBa2L,Guerrilla,ATEEZ,207921,63
3zmrdOtnOogqLllz26WLZ3,68KmkJeZGfwe1OUaivBa2L,Deja Vu,ATEEZ,196670,62
0B7z43H4AqgAwGBIWTzVde,68KmkJeZGfwe1OUaivBa2L,Hush-Hush,ATEEZ,208219,54
6k67RdkVjTZj79c1cRz7IQ,68KmkJeZGfwe1OUaivBa2L,WONDERLAND,ATEEZ,199013,61
3epcMWxb5Wl7r95sY9s6WO,68KmkJeZGfwe1OUaivBa2L,Blind,ATEEZ,198736,61
0NR5Ps5s2hpfZ8Ysmp3dTF,68KmkJeZGfwe1OUaivBa2L,Royal,ATEEZ,222446,59
1KHKeIouP04dDtl0EetgED,4NiJW4q9ichVqL1aUsgGAN,The Downfall Of Us All,A Day To Remember,209093,69
3rEwGRmPVVudVjqdgv0tRR,4NiJW4q9ichVqL1aUsgGAN,If It Means A Lot To You,A Day To Remember,243226,67
4JsDHMv5PVO8N07DbDq33r,4NiJW4q9ichVqL1aUsgGAN,All I Want,A Day To Remember,202640,66
2dwhns14pjuxxcM5a0eOow,4NiJW4q9ichVqL1aUsgGAN,"I'm Made Of Wax, Larry, What Are You Made Of?",A Day To Remember,180840,64
0T8P86fvSK8kCUJFYPZbIH,4NiJW4q9ichVqL1aUsgGAN,All Signs Point To Lauderdale,A Day To Remember,197200,63
2ah5gOCogw00A62XBoepmc,4NiJW4q9ichVqL1aUsgGAN,Miracle,A Day To Remember,243977,62
45oBSaWml0fU1S6qcHcpxF,4NiJW4q9ichVqL1aUsgGAN,Since U Been Gone,A Day To Remember,198266,61
4IX6QvjOI62tyHigVsTUlv,4NiJW4q9ichVqL1aUsgGAN,Have Faith In Me,A Day To Remember,188813,61
3VnBhHJdT7p05Wtenu4fmt,4NiJW4q9ichVqL1aUsgGAN,Mr. Highway's Thinking About The End,A Day To Remember,255826,61
3HhaSocKwTptze7PySNZlW,4NiJW4q9ichVqL1aUsgGAN,Paranoia,A Day To Remember,200676,59
6CThut6kPrjot0pTJOTEer,5QNm7E7RU2m64l6Gliu8Oy,TRUCK BED,HARDY,167534,78
6nf4oqFOsVKLwJPEliYVwT,5QNm7E7RU2m64l6Gliu8Oy,Hide My Gun (Feat. HARDY),HARDY,220479,70
2tev2oEdAUyNtR1U8gQ8c4,5QNm7E7RU2m64l6Gliu8Oy,ONE BEER (feat. Lauren Alaina & Devin Dawson),HARDY,173173,69
6fDlK6P4s3BVMls9EmfCWI,5QNm7E7RU2m64l6Gliu8Oy,wait in the truck,HARDY,277659,70
6kBbetvAHiBSNIpndZBs6W,5QNm7E7RU2m64l6Gliu8Oy,GIVE HEAVEN SOME HELL,HARDY,217801,68
6GBXOabwqSAI5A75F3FruX,5QNm7E7RU2m64l6Gliu8Oy,red (feat. Morgan Wallen),HARDY,205767,68
6Ck9THD8AaqwNW5RYQd0RY,5QNm7E7RU2m64l6Gliu8Oy,PSYCHO,HARDY,198748,65
49lYjrC2iz9Kqb30EL8XmK,5QNm7E7RU2m64l6Gliu8Oy,He Went To Jared (HARDY feat. Morgan Wallen),HARDY,213693,65
395Vms42bEvN38TBqsXGO3,5QNm7E7RU2m64l6Gliu8Oy,"Turn You Down (HARDY feat. Morgan Wallen, Zakk Wylde)",HARDY,154960,64
0onJhWTvfPCb5F7gUT3VPA,5QNm7E7RU2m64l6Gliu8Oy,SOLD OUT,HARDY,202912,64
6MzofobZt2dm0Kf1hTThFz,4gvjmrtzydbMpyJaXUtwvP,Diet Pepsi,Addison Rae,169697,87
1EycQzSpakKNsHgMbTMMKo,4gvjmrtzydbMpyJaXUtwvP,Von dutch a. g. cook remix featuring addison rae,Addison Rae,157328,68
7lvfYYQXH6fxP7JAiY1tjz,4gvjmrtzydbMpyJaXUtwvP,2 die 4 (feat. Charli XCX),Addison Rae,126105,59
1VpKOZ6nnap41hh5CbY8gJ,4gvjmrtzydbMpyJaXUtwvP,Obsessed,Addison Rae,134087,55
40gsPLTRUl4VDevJNoNeNE,4gvjmrtzydbMpyJaXUtwvP,I got it bad,Addison Rae,172519,52
58q4iIjSd6zueicG8F65GW,4gvjmrtzydbMpyJaXUtwvP,Nothing On (But The Radio),Addison Rae,149552,49
4kUs9LuptVXtLqm2CK9JA7,4gvjmrtzydbMpyJaXUtwvP,it could’ve been u,Addison Rae,135388,45
3BKD1PwArikchz2Zrlp1qi,1zNqDE7qDGCsyzJwohVaoX,Baby Don't Hurt Me,Anne-Marie,140017,83
6mQLN3zRtAp6ovjusyYKrV,1zNqDE7qDGCsyzJwohVaoX,Rewrite The Stars (with James Arthur & Anne-Marie),Anne-Marie,218293,76
2BgEsaKNfHUdlh97KmvFyo,1zNqDE7qDGCsyzJwohVaoX,2002,Anne-Marie,186986,77
7oDSG2Q9RBU0QjgtfYQOdD,1zNqDE7qDGCsyzJwohVaoX,Cry Baby,Anne-Marie,157086,74
08bNPGLD8AhKpnnERrAc6G,1zNqDE7qDGCsyzJwohVaoX,FRIENDS,Anne-Marie,202620,74
2Z5EUCXngeoYD7wmJBcJv1,1zNqDE7qDGCsyzJwohVaoX,UNHEALTHY (feat. Shania Twain),Anne-Marie,149653,61
01BC4Xj5tfsfV8DLDrma7q,1zNqDE7qDGCsyzJwohVaoX,Ciao Adios,Anne-Marie,199773,63
3fGW43fnu3OHEw6ohTC2Bw,1zNqDE7qDGCsyzJwohVaoX,Our Song,Anne-Marie,163733,59
2RNsweBBb1a6tAHXQtt2xH,1zNqDE7qDGCsyzJwohVaoX,"fuck, i'm lonely",Anne-Marie,198973,63
0bXIQ4vX2eqnLtUUKMS0Gh,1zNqDE7qDGCsyzJwohVaoX,Cry Baby - David Guetta VIP Mix,Anne-Marie,163720,62
4QNpBfC0zvjKqPJcyqBy9W,21E3waRsmPlU7jZsS13rcj,Give Me Everything (feat. Nayer),Ne-Yo,252306,85
2bJvI42r8EF3wxjOuDav4r,21E3waRsmPlU7jZsS13rcj,Time of Our Lives,Ne-Yo,229360,83
6brl7bwOHmGFkNw3MBqssT,21E3waRsmPlU7jZsS13rcj,So Sick,Ne-Yo,207186,78
34ceTg8ChN5HjrqiIYCn9Q,21E3waRsmPlU7jZsS13rcj,Miss Independent,Ne-Yo,232000,76
6CFPFnS9EcLs2I0nWqtWci,21E3waRsmPlU7jZsS13rcj,Because Of You,Ne-Yo,266840,75
2XbfY2O2v3xwedUJ0J2kkr,21E3waRsmPlU7jZsS13rcj,Closer,Ne-Yo,234360,66
6Hn9Uc1mMNfqChXU3txNke,21E3waRsmPlU7jZsS13rcj,Mad,Ne-Yo,254533,71
10aWGOqSDBqvNzJ9NeKDbK,21E3waRsmPlU7jZsS13rcj,Sexy Love,Ne-Yo,220853,71
7seTcUFOhn5caSDbiSfsp0,21E3waRsmPlU7jZsS13rcj,She Knows,Ne-Yo,214725,66
4kte3OcW800TPvOVgrLLj8,21E3waRsmPlU7jZsS13rcj,Let Me Love You (Until You Learn To Love Yourself),Ne-Yo,251626,67
51rfRCiUSvxXlCSCfIztBy,4tuJ0bMpJh08umKkEXKUI5,"I Love You, I'm Sorry",Gracie Abrams,157146,89
5wbg8kepMFoMzHOEuxiI0q,4tuJ0bMpJh08umKkEXKUI5,Close To You,Gracie Abrams,225973,73
4nyF5lmSziBAt7ESAUjpbx,4tuJ0bMpJh08umKkEXKUI5,"I miss you, I’m sorry",Gracie Abrams,167538,83
0hhzNPE68LWLfgZwdpxVdR,4tuJ0bMpJh08umKkEXKUI5,us. (feat. Taylor Swift),Gracie Abrams,242666,80
5JiU3gLHz9AvUnrhXgOmos,4tuJ0bMpJh08umKkEXKUI5,Risk,Gracie Abrams,191586,70
0MIJFuEJpmgSjNjkbq29TQ,4tuJ0bMpJh08umKkEXKUI5,Blowing Smoke,Gracie Abrams,232280,62
0PLhwCmQ7cC3ThRGPn3HxF,4tuJ0bMpJh08umKkEXKUI5,Mess It Up,Gracie Abrams,171280,75
6WEXy56jM0Nl3bZHY9l7aH,4tuJ0bMpJh08umKkEXKUI5,Tough Love,Gracie Abrams,169146,74
33uKUpu9ZXsHhcxRLoxnWI,4tuJ0bMpJh08umKkEXKUI5,I know it won't work,Gracie Abrams,245629,74
6nN8W5zHOii0P61I8eSdR3,4tuJ0bMpJh08umKkEXKUI5,Free Now,Gracie Abrams,214080,59
6a9Z1jUms915w4O7N1PxjY,1mcTU81TzQhprhouKaTkpq,Santa,Rauw Alejandro,193038,83
6mmPpaltUZK7xjNlBPQQ0p,1mcTU81TzQhprhouKaTkpq,Desesperados,Rauw Alejandro,224996,82
3rdAz1fbUfZxYgaCviYhRo,1mcTU81TzQhprhouKaTkpq,Todo De Ti,Rauw Alejandro,199604,79
2kz1YOhJiNubjigR1gB1VX,1mcTU81TzQhprhouKaTkpq,DILUVIO,Rauw Alejandro,197052,81
1aUq8rjW1EwkAkMri4VfJy,1mcTU81TzQhprhouKaTkpq,LOKERA,Rauw Alejandro,197101,79
1FlL8ycld6uVDDyhV7P5FA,1mcTU81TzQhprhouKaTkpq,Cúrame,Rauw Alejandro,164705,80
13Tbv4nflNxg9kYBIbJnd9,1mcTU81TzQhprhouKaTkpq,Dile a El,Rauw Alejandro,209540,79
4OwhwvKESFtuu06dTgct7i,1mcTU81TzQhprhouKaTkpq,Tiroteo - Remix,Rauw Alejandro,321555,78
4SJHHpKhcuXwDsCsPqshXj,1mcTU81TzQhprhouKaTkpq,El Efecto,Rauw Alejandro,217142,78
2CEf2gU5ZJamLXa3NrgAvA,1mcTU81TzQhprhouKaTkpq,Desenfocao',Rauw Alejandro,170535,77
7MIhUdNJtaOnDmC5nBC1fb,0NGAZxHanS9e0iNHpR8f2W,Deep Down (feat. Never Dull),Alok,165752,79
0iB5f04XdJ2tcfhoVkeLV8,0NGAZxHanS9e0iNHpR8f2W,LET'S GET FKD UP,Alok,121500,77
39cmB3ZoTOLwOTq7tMNqKa,0NGAZxHanS9e0iNHpR8f2W,Hear Me Now,Alok,194840,73
0OvO2X2Q3i98dc5RcgEN3x,0NGAZxHanS9e0iNHpR8f2W,Jungle,Alok,175500,73
00E0Z2jrF7reoHps4zcbWQ,0NGAZxHanS9e0iNHpR8f2W,Car Keys (Ayla),Alok,147211,71
6r6wTVl7sBndpdlzBSEYnF,0NGAZxHanS9e0iNHpR8f2W,Lua,Alok,206538,65
0sftzYE0YgPHXrvJyUyGjB,0NGAZxHanS9e0iNHpR8f2W,Deep In Your Love,Alok,144648,70
6iW38RGqdDGOofmz2HeXLW,0NGAZxHanS9e0iNHpR8f2W,Piece Of Your Heart - Alok Remix,Alok,166451,69
7BhmwvCdQZNwuQXSHw5TzP,0NGAZxHanS9e0iNHpR8f2W,Headlights (feat. KIDDO),Alok,158400,67
4lbBiqC2alVR4ooruZSe0o,0NGAZxHanS9e0iNHpR8f2W,Summer's Back,Alok,147619,68
6zMUIb4uce1CzpbjR3vMdN,5rkVyNGXEgeUqKkB5ccK83,Foolish,Ashanti,227386,72
6pWzCKTrKrwbUPzY8RLCoP,5rkVyNGXEgeUqKkB5ccK83,Rock Wit U (Awww Baby),Ashanti,209120,68
2IyL2CyHoenwQLds5jSuqK,5rkVyNGXEgeUqKkB5ccK83,Body On Me,Ashanti,200720,65
6dZ6qWl1e9GsMndBG7vqB9,5rkVyNGXEgeUqKkB5ccK83,Unfoolish,Ashanti,194160,64
4wHkV6OpCanrNg2PRNhWjM,5rkVyNGXEgeUqKkB5ccK83,Baby (feat. Ashanti),Ashanti,177733,57
1YZBMqN8kHaaRPXpQTC3kb,5rkVyNGXEgeUqKkB5ccK83,Rain On Me,Ashanti,297960,60
6CbcdeTQKj0qTaZTt0xkdk,5rkVyNGXEgeUqKkB5ccK83,Happy,Ashanti,262226,59
6cZPfzVtkicrA3CyjqYKhu,5rkVyNGXEgeUqKkB5ccK83,Baby,Ashanti,265706,55
3sckKKIx96cjPXtiqPHCTB,5rkVyNGXEgeUqKkB5ccK83,Only U - No Intro,Ashanti,186306,52
6ZIR3HiLbpy5xPAShl2a7u,5rkVyNGXEgeUqKkB5ccK83,Wockesha (with Lil Wayne & Ashanti) - Remix,Ashanti,217880,50
0JJP0IS4w0fJx01EcrfkDe,46gyXjRIvN1NL1eCB8GBxo,"Dear Maria, Count Me In",All Time Low,182826,76
0tyR7Bu9P086aWBFZ4QJoo,46gyXjRIvN1NL1eCB8GBxo,Monsters (feat. blackbear),All Time Low,174067,69
3keius8Oa84Xwul5LdvO1c,46gyXjRIvN1NL1eCB8GBxo,Hate This Song,All Time Low,175693,65
50DMJJpAeQv4fIpxZvQz2e,46gyXjRIvN1NL1eCB8GBxo,Monsters (feat. Demi Lovato and blackbear),All Time Low,174424,62
0aZJGkkXR3DgaFqo5sB8ot,46gyXjRIvN1NL1eCB8GBxo,Weightless,All Time Low,198000,61
7bbhu051CI6krV0M6lv7tl,46gyXjRIvN1NL1eCB8GBxo,Fake As Hell (with Avril Lavigne),All Time Low,179166,58
1G2eReWrKYqAgzxB2pOyMK,46gyXjRIvN1NL1eCB8GBxo,"Dear Maria, Count Me In - ATL's Version",All Time Low,187266,52
2qxXypNXOJZ5qUFdpzJ56n,46gyXjRIvN1NL1eCB8GBxo,Remembering Sunday,All Time Low,256733,56
0TPF6uW7fhMXJPoBERqTy5,46gyXjRIvN1NL1eCB8GBxo,A Love Like War (feat. Vic Fuentes),All Time Low,213740,55
06v0btRazrSHDX4s1mXSex,46gyXjRIvN1NL1eCB8GBxo,Sleepwalking,All Time Low,187344,52
7qH9Z4dJEN0l9bidizW7fq,0rZp7G3gIH6WkyeXbrZnGi,Anchor,Novo Amor,257533,78
7CoMBpPTwQi2wPT0U0Nr9b,0rZp7G3gIH6WkyeXbrZnGi,State Lines,Novo Amor,208653,73
1XZPtZVqcOzzxbYIR7MjQw,0rZp7G3gIH6WkyeXbrZnGi,Ontario,Novo Amor,192866,66
5PzWVmfzu7rePAuFkxPQf0,0rZp7G3gIH6WkyeXbrZnGi,Repeat Until Death,Novo Amor,234080,66
0u4rkpmNtgcFxYHepnVF4v,0rZp7G3gIH6WkyeXbrZnGi,Carry You,Novo Amor,273106,66
0bndF6tTweNXPjwpPL7Slt,0rZp7G3gIH6WkyeXbrZnGi,Haven (from Life Is Strange),Novo Amor,172500,65
4CiqKccFFYGmFPz7HVTjfW,0rZp7G3gIH6WkyeXbrZnGi,Euphor,Novo Amor,243466,65
3ePd4K8tcdfr7KmbuOTrKK,0rZp7G3gIH6WkyeXbrZnGi,From Gold,Novo Amor,214335,65
5xYpEeGFXmkGMBQ22NfKfO,0rZp7G3gIH6WkyeXbrZnGi,Keep Me,Novo Amor,194560,64
5eG8QuQKOBvDeCyoOeMkhT,0rZp7G3gIH6WkyeXbrZnGi,Alps,Novo Amor,194160,62
54eZmuggBFJbV7k248bTTt,35U9lQaRWSQISxQAB94Meo,A Horse with No Name,America,252239,78
4IU1RL4BKvFyXtbTwaHAvW,35U9lQaRWSQISxQAB94Meo,Ventura Highway,America,211680,74
5VSAonaAPhhGn0G7hMYwWK,35U9lQaRWSQISxQAB94Meo,Sister Golden Hair,America,199573,70
5dXED6MP1v1qghkaniirb1,35U9lQaRWSQISxQAB94Meo,You Can Do Magic,America,237466,64
5coTcHT7K8O3G97y9T4LOU,35U9lQaRWSQISxQAB94Meo,Lonely People,America,150226,63
0fqP1OK8UuiVK4WdsYCeY3,35U9lQaRWSQISxQAB94Meo,All My Life,America,183826,60
4uTTd2SlalZoG0zVgI63kH,35U9lQaRWSQISxQAB94Meo,Tin Man,America,209866,59
4Anh5Ti55P6SXG3H94QLqV,35U9lQaRWSQISxQAB94Meo,I Need You,America,183186,57
2S7hH8gCuwlqL8vqia3eJp,35U9lQaRWSQISxQAB94Meo,Riverside,America,181093,52
14lDO5V0Ay0h1t8QTpbfi1,35U9lQaRWSQISxQAB94Meo,Sandman,America,308600,52
0fiijtFXDJ9MOVwgSaEQJ5,2oX42qP5ineK3hrhBECLmj,Don't Give Up On Me,Andy Grammer,196187,77
4Tt6GiWS2V9sQjZjS2xjp2,2oX42qP5ineK3hrhBECLmj,"Honey, I'm Good",Andy Grammer,199263,71
7gm2omqXDTaT4sS17hSu8T,2oX42qP5ineK3hrhBECLmj,Fresh Eyes,Andy Grammer,198001,70
2kebNtlS7DqWE54Z66FZIt,2oX42qP5ineK3hrhBECLmj,Keep Your Head Up (Album Version),Andy Grammer,190493,65
00V8KJuZ0a089fa25Lc9t7,2oX42qP5ineK3hrhBECLmj,Fine By Me,Andy Grammer,172813,63
4ufkuONjQMNR2fyXu1bO9w,2oX42qP5ineK3hrhBECLmj,Lease On Life,Andy Grammer,168162,57
1Nt4hDwC9bGT8P9NU5TuFX,2oX42qP5ineK3hrhBECLmj,These Tears,Andy Grammer,169656,56
3GLpRNlI761PTpLLhix1X9,2oX42qP5ineK3hrhBECLmj,Best of You (feat. Elle King),Andy Grammer,185393,55
6ATM1zRLGYYP72J9xwnL1L,2oX42qP5ineK3hrhBECLmj,Saved My Life (with R3HAB),Andy Grammer,174842,54
6Bhb59RtPbvA8z6tMiZX5q,2oX42qP5ineK3hrhBECLmj,Magic,Andy Grammer,190790,45
3znIACSXPLn3HFCf7moZ28,4hFBhdNVZZuVk5FYThUwaN,It's Going Down Now,アトラスサウンドチーム,186093,77
4pjFNyjGaoKgLTnndISP6V,4hFBhdNVZZuVk5FYThUwaN,Color Your Night,アトラスサウンドチーム,227240,66
3Jl2LQmRwbXEF2lO1RTvxn,4hFBhdNVZZuVk5FYThUwaN,Full Moon Full Life,アトラスサウンドチーム,293493,62
5N5kdftiOw4MzV4n4qifbx,4hFBhdNVZZuVk5FYThUwaN,Don't,アトラスサウンドチーム,165053,55
0JrzfHTEsiuSH2Te3HB20N,4hFBhdNVZZuVk5FYThUwaN,Life Will Change,アトラスサウンドチーム,261853,0
1PPzHVc3ietfHHU0vPPPDl,4hFBhdNVZZuVk5FYThUwaN,Changing Seasons -Reload-,アトラスサウンドチーム,194680,57
4xCzUoKfZOlQ99Lg48kgQN,4hFBhdNVZZuVk5FYThUwaN,Mass Destruction -Reload-,アトラスサウンドチーム,185493,56
7pc3hxGf3xLsYXGKitStzP,4hFBhdNVZZuVk5FYThUwaN,When The Moon's Reaching Out Stars -Reload-,アトラスサウンドチーム,207760,56
1GCjGQ2zBYumwdSF3uVCfX,4hFBhdNVZZuVk5FYThUwaN,Disconnected,アトラスサウンドチーム,286906,54
3uekHQtWNzxkcU6eNn16fv,4hFBhdNVZZuVk5FYThUwaN,Iwatodai Dorm -Reload-,アトラスサウンドチーム,150066,54
0wI7QkCcs8FUQE1OkXUIqd,2wUjUUtkb5lvLKcGKsKqsR,Scars To Your Beautiful,Alessia Cara,230240,75
6uBhi9gBXWjanegOb2Phh0,2wUjUUtkb5lvLKcGKsKqsR,Stay,Alessia Cara,210090,72
5zUQZjVB6bfewBXWqsP9PY,2wUjUUtkb5lvLKcGKsKqsR,Here,Alessia Cara,199453,69
1ehPJRt49h6N0LoryqKZXq,2wUjUUtkb5lvLKcGKsKqsR,How Far I'll Go - Alessia Cara Version,Alessia Cara,175506,61
4WzhjxvLP95y7AMDy0Atwb,2wUjUUtkb5lvLKcGKsKqsR,Out Of Love,Alessia Cara,227693,64
0bmm9xZUJQDR1tBhWtIXVM,2wUjUUtkb5lvLKcGKsKqsR,Wild Things,Alessia Cara,188493,61
2JtSnwYNKOphDrshYL8n4p,2wUjUUtkb5lvLKcGKsKqsR,I'm Like A Bird - Recorded at Spotify Studios NYC,Alessia Cara,219960,57
13QIjo2iGBgl56mNDjJOet,2wUjUUtkb5lvLKcGKsKqsR,"I Choose - From The Netflix Original Film ""The Willoughbys""",Alessia Cara,217347,55
3ArYVrRb0lDBLzuJJqIXzC,2wUjUUtkb5lvLKcGKsKqsR,River Of Tears,Alessia Cara,254506,55
175ApsLKPzdEeEiibmtqFQ,2wUjUUtkb5lvLKcGKsKqsR,Dead Man,Alessia Cara,203343,55
23rdcrD0Eky4vYn2TZidxJ,1WgXqy2Dd70QQOU7Ay074N,Runaway,AURORA,248826,70
3Z0oQ8r78OUaHvGPiDBR3W,1WgXqy2Dd70QQOU7Ay074N,Into the Unknown,AURORA,194848,72
33WTgxRdPBQQpVCMXpNxhO,1WgXqy2Dd70QQOU7Ay074N,Cure For Me,AURORA,201640,61
6qMMJiCtrlHmxGyFUStff8,1WgXqy2Dd70QQOU7Ay074N,Running with the Wolves,AURORA,194760,59
1dWUBCoztAMZcqec1CAE6z,1WgXqy2Dd70QQOU7Ay074N,Butterflies (feat. AURORA),AURORA,130666,64
4X00YoOQUD49hwdXmWBXHM,1WgXqy2Dd70QQOU7Ay074N,Everything Matters,AURORA,213906,52
3EUXLUKx2zNUzb2otMc8HH,1WgXqy2Dd70QQOU7Ay074N,The Seed,AURORA,266969,52
6rtwjJHMx7pNd6xAnT8nK8,1WgXqy2Dd70QQOU7Ay074N,Starvation,AURORA,207613,52
6PbC1xivXYIWLXHDIC2Qd2,1WgXqy2Dd70QQOU7Ay074N,Your Blood,AURORA,247493,51
3lFk7chcfSypqoZRzdaswz,1WgXqy2Dd70QQOU7Ay074N,To Be Alright,AURORA,245640,51
5lDriBxJd22IhOH9zTcFrV,3vAaWhdBR38Q02ohXqaNHT,Dirty Little Secret,The All-American Rejects,193653,70
6ihL9TjfRjadfEePzXXyVF,3vAaWhdBR38Q02ohXqaNHT,Gives You Hell,The All-American Rejects,213106,70
2l57cfmCnOkwNX1tky02n1,3vAaWhdBR38Q02ohXqaNHT,Move Along,The All-American Rejects,238880,68
003FTlCpBTM4eSqYSWPv4H,3vAaWhdBR38Q02ohXqaNHT,"Swing, Swing",The All-American Rejects,233266,65
1FMHNVeJ9s1x1l1WlaRs2I,3vAaWhdBR38Q02ohXqaNHT,It Ends Tonight,The All-American Rejects,244826,57
1aWYAQICESeHj2Xauv1Zfd,3vAaWhdBR38Q02ohXqaNHT,I Wanna,The All-American Rejects,208600,49
4d1WMnL8dMh37ZZnMGvG59,3vAaWhdBR38Q02ohXqaNHT,Flagpole Sitta,The All-American Rejects,223003,51
5mSVJjVzZEoVrg6amF8udl,3vAaWhdBR38Q02ohXqaNHT,My Paper Heart,The All-American Rejects,228866,49
1j0FJGKv1ZEaTjNz7wAPwF,3vAaWhdBR38Q02ohXqaNHT,Stab My Back,The All-American Rejects,189306,43
2vLgTJ8YADmKDvrfkrUCaJ,3vAaWhdBR38Q02ohXqaNHT,The Last Song,The All-American Rejects,300386,46
3Hp8GJDsH3E7fumfAACH2k,6bVYQ4OCT9GIoQF5W6mVTj,Love in Paradise,Armando Julián,250588,70
6yS62Dxd5Wgk77EsFqEj0y,6bVYQ4OCT9GIoQF5W6mVTj,Scylla,Armando Julián,174267,68
70tUQzrtuWnshYEV0DXD5U,6bVYQ4OCT9GIoQF5W6mVTj,Thunder Bringer,Armando Julián,249750,67
2cKEla5yiK5J6XVeMv9nEo,6bVYQ4OCT9GIoQF5W6mVTj,Puppeteer,Armando Julián,249702,66
11u4Q89CWq1R3RKpiIFDz2,6bVYQ4OCT9GIoQF5W6mVTj,Keep Your Friends Close,Armando Julián,247500,66
3MNNWGsJPBHtaf1SiHQQdz,6bVYQ4OCT9GIoQF5W6mVTj,Full Speed Ahead,Armando Julián,179294,66
5NqYUPWXefHQA5Q9Asgsxf,6bVYQ4OCT9GIoQF5W6mVTj,Mutiny,Armando Julián,293135,66
4EXwXh99qHAObiMKu9p222,6bVYQ4OCT9GIoQF5W6mVTj,Luck Runs Out,Armando Julián,181333,65
78Z2qxKiT6mrJrNR8DecZ0,6bVYQ4OCT9GIoQF5W6mVTj,Storm,Armando Julián,162909,65
4BFmYbz4aEv3TmUmhliD7O,6bVYQ4OCT9GIoQF5W6mVTj,Remember Them,Armando Julián,248666,65
4bjN59DRXFRxBE1g5ne6B1,5RmQ8k4l3HZ8JoPb4mNsML,Haegeum,Agust D,168926,84
0JKGe340YJwfDrpXqPQ8sw,5RmQ8k4l3HZ8JoPb4mNsML,Daechwita,Agust D,225668,76
41JPN7pZMTp1sumBOHOzHd,5RmQ8k4l3HZ8JoPb4mNsML,People Pt.2 (feat. IU),Agust D,213995,67
3GAz3o5o3lZGUOPUSPG8ul,5RmQ8k4l3HZ8JoPb4mNsML,Intro : DT sugA (Feat. DJ Friz),Agust D,64182,68
6AknCCsxOsrJ2mkSdCtET1,5RmQ8k4l3HZ8JoPb4mNsML,Agust D,Agust D,234082,67
56tf3cHQkwmvoplotk5QXd,5RmQ8k4l3HZ8JoPb4mNsML,Interlude : Dawn,Agust D,105139,66
6HDHaCnH2FCSdEwXrJfEVF,5RmQ8k4l3HZ8JoPb4mNsML,People,Agust D,197000,66
4j3M8NrbGSXdMPwEVsnfHE,5RmQ8k4l3HZ8JoPb4mNsML,"Snooze (feat. Ryuichi Sakamoto, WOOSUNG of The Rose)",Agust D,264760,66
3pGNUEIlaUlCU8mXxKInzw,5RmQ8k4l3HZ8JoPb4mNsML,28 (feat. NiiHWA),Agust D,133673,66
5fj32MKLHkut2Vod1UodcU,5RmQ8k4l3HZ8JoPb4mNsML,AMYGDALA,Agust D,251533,65
29nNU80zu0vscbrvTi55mG,6rJqqRce0Kvo2dJUXoHleC,I'm in a Hurry (And Don't Know Why),Alabama,168813,70
2uX5f3x2cObov0iDAPln4o,6rJqqRce0Kvo2dJUXoHleC,Song of the South,Alabama,190800,71
0bM1z18RQpr61UuI1LemIK,6rJqqRce0Kvo2dJUXoHleC,Dixieland Delight,Alabama,322093,63
68SAQUzxfEW1eKxZvhDDEm,6rJqqRce0Kvo2dJUXoHleC,Mountain Music,Alabama,217986,60
4lDHpM8kYUjVScfD8nfQ7A,6rJqqRce0Kvo2dJUXoHleC,If You're Gonna Play in Texas (You Gotta Have a Fiddle in the Band),Alabama,212666,56
2KEu2z1f7TakR3KY4jGLzl,6rJqqRce0Kvo2dJUXoHleC,High Cotton,Alabama,180320,55
0MM0VlDZ4n8f7zfkz2MmqZ,6rJqqRce0Kvo2dJUXoHleC,Born Country,Alabama,196866,52
6ZijsJ9Oh0xgOdY0O1xCWN,6rJqqRce0Kvo2dJUXoHleC,Dixieland Delight - Single Edit,Alabama,236426,54
7Fhgor5m0lekhS0jw4jklT,6rJqqRce0Kvo2dJUXoHleC,Roll On (Eighteen Wheeler),Alabama,264973,50
7znOzcWy38z63lIcKOQBd4,6rJqqRce0Kvo2dJUXoHleC,Forty Hour Week (For a Livin'),Alabama,202480,48
6ZXL1A1BVshe1JZ1IY734k,4zXroEby35IgWPERRcW4Ay,Poison - Hazbin Hotel Original Soundtrack,Andrew Underberg,127689,69
6zJjw0iXY0aMBEUyCG1NsA,4zXroEby35IgWPERRcW4Ay,"Loser, Baby",Andrew Underberg,175113,70
2h4MTQZP8quVwuwrtIPErD,4zXroEby35IgWPERRcW4Ay,Hell’s Greatest Dad,Andrew Underberg,133717,68
4Po97bPnn3ISdEkuJBMt2f,4zXroEby35IgWPERRcW4Ay,Stayed Gone,Andrew Underberg,180475,67
6Ux7hThoEVu7V0YmmZqunV,4zXroEby35IgWPERRcW4Ay,Hell Is Forever,Andrew Underberg,140653,66
2LyuaHvi331NSj44dOxulG,4zXroEby35IgWPERRcW4Ay,Respectless,Andrew Underberg,95682,66
3CAgZdCErAPdUBwFmaRyGA,4zXroEby35IgWPERRcW4Ay,Out For Love,Andrew Underberg,90305,66
0nD9zX0pnjOGhwZbCtMSGR,4zXroEby35IgWPERRcW4Ay,You Didn’t Know,Andrew Underberg,188677,65
64bs8pCgpueh0mFEKZWGXS,4zXroEby35IgWPERRcW4Ay,More Than Anything,Andrew Underberg,193235,64
6dss2WRbaDVKw4vpZlNxSv,4zXroEby35IgWPERRcW4Ay,Finale,Andrew Underberg,230580,62
1qxKva4IzWde7m2jLpZvDU,3a1tBryiczPAZpgoZN9Rzg,Active,Asake,172597,70
13VXuHw3O8Yt7VwRIDqSo4,3a1tBryiczPAZpgoZN9Rzg,MMS,Asake,219628,73
7i4m8FybgjufzfvhO7gAKf,3a1tBryiczPAZpgoZN9Rzg,Wave,Asake,205879,68
5ZtK8XAVnoaGdBXZWCEVCY,3a1tBryiczPAZpgoZN9Rzg,Lonely At The Top,Asake,157714,71
2qWwuCVeMjF9mUT0S5Iqvl,3a1tBryiczPAZpgoZN9Rzg,Bandana,Asake,178225,69
0Q1bMs3xLQiDEeaneehdxv,3a1tBryiczPAZpgoZN9Rzg,Remember,Asake,182142,69
5ycsqezujKrwviU3VFhci1,3a1tBryiczPAZpgoZN9Rzg,Terminator,Asake,155897,68
2WHM3orrvvqziSkG0xp8sy,3a1tBryiczPAZpgoZN9Rzg,Fuji Vibe,Asake,322209,67
6l7opVclJEHReImCPkMc5o,3a1tBryiczPAZpgoZN9Rzg,Stubborn (with Asake),Asake,176333,64
6rOqLUy3kp0PVQQEtNPpbQ,3a1tBryiczPAZpgoZN9Rzg,Happiness (feat. Asake & Gunna),Asake,174743,67
4QNpBfC0zvjKqPJcyqBy9W,4D75GcNG95ebPtNvoNVXhz,Give Me Everything (feat. Nayer),AFROJACK,252306,85
5Nc6m1EVQmz5vIlM4ukE4I,4D75GcNG95ebPtNvoNVXhz,"Hey Mama (feat. Nicki Minaj, Bebe Rexha & Afrojack) - Afrojack Remix",AFROJACK,197040,27
1U6hOheaJGUCWzn3ot1cbm,4D75GcNG95ebPtNvoNVXhz,Raving,AFROJACK,138951,62
4ZxFCbs4LAHlHvtOZ5UbIi,4D75GcNG95ebPtNvoNVXhz,FVCK,AFROJACK,186116,61
3gY2G19E5UFY9Bo4BtPkbN,4D75GcNG95ebPtNvoNVXhz,2 The Moon - Julian Cross x Afrojack Summer Remix,AFROJACK,158421,57
4PsccFihLkDU7bNv26H0CI,4D75GcNG95ebPtNvoNVXhz,Take Over Control (Dutch Edit) [feat. Eva Simons],AFROJACK,210293,44
5fbigfxYwz6fGGxe8Py57t,4D75GcNG95ebPtNvoNVXhz,2 The Moon,AFROJACK,185282,59
5VtRjcZYvXj1VdT3FWG3ZD,4D75GcNG95ebPtNvoNVXhz,Maldito Alcohol (Pitbull vs. Afrojack),AFROJACK,201320,49
2ldAdghnrO34HPcZ0IWfTu,4D75GcNG95ebPtNvoNVXhz,Ten Feet Tall,AFROJACK,229149,57
4ESPuOrSsRcBISzcMlzmY5,4D75GcNG95ebPtNvoNVXhz,Sad (feat. Afrojack),AFROJACK,161280,54
7EFfeGN5U0zm9C6KpOeNBH,2fMqTqiTxUDlmcOEPaQSsx,"Aaj Ki Raat (From ""Stree 2"")",Amitabh Bhattacharya,228620,66
2TnmSSPkcPdHYYw2Lu84C1,2fMqTqiTxUDlmcOEPaQSsx,"Aayi Nai (From ""Stree 2"")",Amitabh Bhattacharya,178780,64
4Zx4I7eX7vuq7pHleVcINy,2fMqTqiTxUDlmcOEPaQSsx,"Khoobsurat (From ""Stree 2"")",Amitabh Bhattacharya,244583,59
6BGZePfo75ysi4IR2jlFR0,2fMqTqiTxUDlmcOEPaQSsx,Tumhare Hi Rahenge Hum,Amitabh Bhattacharya,230086,57
1hA697u7e1jX2XM8sWA6Uy,2fMqTqiTxUDlmcOEPaQSsx,Apna Bana Le,Amitabh Bhattacharya,261702,72
13O0A6hqW8oHtQPr2I1vvd,2fMqTqiTxUDlmcOEPaQSsx,"Tum Kya Mile, Pt. 2",Amitabh Bhattacharya,277500,57
4UMIv5jd9gK98a39BQRD9X,2fMqTqiTxUDlmcOEPaQSsx,Kesariya,Amitabh Bhattacharya,268164,68
2e4vEkdm8h8mNnGHSBfTMT,2fMqTqiTxUDlmcOEPaQSsx,Ve Kamleya,Amitabh Bhattacharya,246988,59
6t9KM2EQD4H2KbrTgHGYf3,2fMqTqiTxUDlmcOEPaQSsx,"Taras - From ""Munjya""",Amitabh Bhattacharya,188814,72
2ZD4aIEepqZsdxPxLSuUhm,2fMqTqiTxUDlmcOEPaQSsx,Tere Pyaar Mein,Amitabh Bhattacharya,266094,71
6wLqNGHQIja6xqT0cfrzBB,0SfsnGyD8FpIN4U4WCkBZ5,On & On,Armin van Buuren,170578,69
5GjnIpUlLGEIYk052ISOw9,0SfsnGyD8FpIN4U4WCkBZ5,This Is What It Feels Like,Armin van Buuren,204360,71
1moFkZDqcjQNeXtyoanLHv,0SfsnGyD8FpIN4U4WCkBZ5,Blah Blah Blah,Armin van Buuren,183518,65
0IAFmrpi9KF0PP3LONJonm,0SfsnGyD8FpIN4U4WCkBZ5,In The Dark,Armin van Buuren,148930,67
7nxTzZJmf2lLplk5pfV64h,0SfsnGyD8FpIN4U4WCkBZ5,In And Out Of Love,Armin van Buuren,226621,62
1q3qh7hEJrPmPH7uOteYSr,0SfsnGyD8FpIN4U4WCkBZ5,No Fun,Armin van Buuren,130412,63
3EQ70Nq9D03VLRblD2JlJZ,0SfsnGyD8FpIN4U4WCkBZ5,Follow The Light,Armin van Buuren,192890,65
1FzbOPWCZiNxnLjAhY1jAR,0SfsnGyD8FpIN4U4WCkBZ5,In And Out Of Love,Armin van Buuren,181680,60
0BLxPjFEOG8G1q8AKLuz3V,0SfsnGyD8FpIN4U4WCkBZ5,Easy To Love,Armin van Buuren,151820,63
3Nku6gLNqnwUuq8GLkqyhW,0SfsnGyD8FpIN4U4WCkBZ5,Great Spirit,Armin van Buuren,215773,62
6BpZpCM8d8FJnVnr1IbnFL,5J7rXWjtn5HzUkJ4Jet8Fr,GATITAS SANDUNGUERAS VOL.1,Alvaro Diaz,131853,76
1mSviQV9iQnGSRyvTIuxAj,5J7rXWjtn5HzUkJ4Jet8Fr,Problemón,Alvaro Diaz,192613,73
5dtzqRtiXKftAk6B6vxUmr,5J7rXWjtn5HzUkJ4Jet8Fr,Llori Pari,Alvaro Diaz,215026,70
6zMWAKMDVH1uHHDOrm2RdL,5J7rXWjtn5HzUkJ4Jet8Fr,BYAK,Alvaro Diaz,216346,66
2ynaxymuvgAHsRBOqE4XEq,5J7rXWjtn5HzUkJ4Jet8Fr,PARANORMAL,Alvaro Diaz,197935,68
7zJu3gmfC46vRoCQ8MZSIY,5J7rXWjtn5HzUkJ4Jet8Fr,QUIZÁS SI QUIZÁS NO,Alvaro Diaz,203213,66
62n1ZpeGX7aM7hqC4NcBsJ,5J7rXWjtn5HzUkJ4Jet8Fr,MAMI 100PRE SABE (INTERLUDE),Alvaro Diaz,137933,66
7keTeNuCO2ghzRRW7CVzsJ,5J7rXWjtn5HzUkJ4Jet8Fr,SIN PODERES,Alvaro Diaz,206800,65
4TUu0QxrNe0Mz6RMVoMda1,5J7rXWjtn5HzUkJ4Jet8Fr,1000CANCIONES,Alvaro Diaz,246200,65
3yJ8buQlPzQtHyCicOGDJ0,5J7rXWjtn5HzUkJ4Jet8Fr,Reina Pepiada,Alvaro Diaz,244360,62
0yc6Gst2xkRu0eMLeRMGCX,1QAJqy2dA3ihHBFIHRphZj,Apocalypse,Cigarettes After Sex,290616,87
3p4hRhMcb6ch8OLtATMaLw,1QAJqy2dA3ihHBFIHRphZj,Cry,Cigarettes After Sex,256799,84
0SpkyS1Q4MD8GaVcP5YjT4,1QAJqy2dA3ihHBFIHRphZj,Sunsetz,Cigarettes After Sex,215150,83
1FWsomP9StpCcXNWmJk8Cl,1QAJqy2dA3ihHBFIHRphZj,K.,Cigarettes After Sex,320030,82
6ilc4vQcwMPlvAHFfsTGng,1QAJqy2dA3ihHBFIHRphZj,Sweet,Cigarettes After Sex,292110,81
70YTBH8vOGJNMhy6186yFm,1QAJqy2dA3ihHBFIHRphZj,Heavenly,Cigarettes After Sex,286773,77
7cs7MLtAWvsdf3w5kBvfK2,1QAJqy2dA3ihHBFIHRphZj,Nothing's Gonna Hurt You Baby,Cigarettes After Sex,286293,76
0O0bttAxJKKWqAqY2Nq4mC,1QAJqy2dA3ihHBFIHRphZj,Falling In Love,Cigarettes After Sex,245840,73
383EQ8PDAlqzSe4ayyn2Ct,1QAJqy2dA3ihHBFIHRphZj,Tejano Blue,Cigarettes After Sex,234453,70
6TWcSqCntZhH5vyc35kkob,1QAJqy2dA3ihHBFIHRphZj,John Wayne,Cigarettes After Sex,258483,72
4NUt1fcnO9aQAELBgXq3Kr,6sq1yF0OZEWA4xoXVKW1L9,Me Dediqué a Perderte,Alejandro Fernández,231773,78
0tzixmHNQfE6S6SirSToxW,6sq1yF0OZEWA4xoXVKW1L9,El Ultimo Adiós - Varios Artistas Version,Alejandro Fernández,237466,69
1OJkKHmXsZVKtWlECdpDAe,6sq1yF0OZEWA4xoXVKW1L9,Sé Que Te Duele,Alejandro Fernández,228146,68
4tfawx7oL39IUS0GyOlmcP,6sq1yF0OZEWA4xoXVKW1L9,Como Quien Pierde una Estrella,Alejandro Fernández,213733,66
3RxqFMGljx897MC9yApidW,6sq1yF0OZEWA4xoXVKW1L9,Felicidades,Alejandro Fernández,189696,67
3npbtkmTdUlRxGFxViDD0K,6sq1yF0OZEWA4xoXVKW1L9,Canta Corazón,Alejandro Fernández,254600,66
0qO4GfXADY9QfgcgtrasT9,6sq1yF0OZEWA4xoXVKW1L9,Hoy Tengo Ganas De Ti,Alejandro Fernández,291106,65
2mDLrugtj3r6XpH3SdlLGB,6sq1yF0OZEWA4xoXVKW1L9,Me Hace Tanto Bien,Alejandro Fernández,188893,64
5JpOkusDXbxrcPj1Kd0O2Q,6sq1yF0OZEWA4xoXVKW1L9,Qué Voy a Hacer Con Mi Amor,Alejandro Fernández,245866,63
1TojBnaen0BzIoZfVccGng,6sq1yF0OZEWA4xoXVKW1L9,Mátalas,Alejandro Fernández,177226,62
11ZulcYY4lowvcQm4oe3VJ,3PyJHH2wyfQK3WZrk9rpmP,Slumber Party (feat. Princess Nokia),Ashnikko,178404,70
2g1KggY9PKvsoEAOaiz4xx,3PyJHH2wyfQK3WZrk9rpmP,Daisy,Ashnikko,146523,66
0g0qfC3nAaIsfbxS29ksJx,3PyJHH2wyfQK3WZrk9rpmP,Paint The Town Blue (from the series Arcane League of Legends),Ashnikko,115533,68
6qNB2ChCVPepl5ZjVJJTUW,3PyJHH2wyfQK3WZrk9rpmP,STUPID (feat. Yung Baby Tate),Ashnikko,167317,63
3nBX9Z0kQwUrtnbLFnw0xk,3PyJHH2wyfQK3WZrk9rpmP,Worms,Ashnikko,148690,59
1S85LGnDPKKOkfuFaK6vFu,3PyJHH2wyfQK3WZrk9rpmP,Deal With It (feat. Kelis),Ashnikko,191149,58
7iR1y5YfpmJ6ME8zkKnlQj,3PyJHH2wyfQK3WZrk9rpmP,You Make Me Sick!,Ashnikko,138299,56
150oCxP7slbU48qYS8ez78,3PyJHH2wyfQK3WZrk9rpmP,Cheerleader,Ashnikko,132818,57
0s8RXkQW9lwGEV6WlG8KDq,3PyJHH2wyfQK3WZrk9rpmP,Daisy 2.0 (feat. Hatsune Miku),Ashnikko,167157,58
1jR9XTpUeT6a82Yz4GNCCo,3PyJHH2wyfQK3WZrk9rpmP,Cry (feat. Grimes),Ashnikko,126663,56
